id_player,player_name,nationality,field_position,position,weight(kg),height(cm),age,team_id,country,team,assists,corners_taken,offsides,dribbles,total_attempts,attempts_on_target,attempts_off_target,blocked,balls_recovered,tackles,tackles_won,tackles_lost,clearance_attempted,fouls_committed,fouls_suffered,yellow_cards,red_cards,passing_accuracy(%),passes_attempted,passes_completed,crossing_accuracy(%),crosses_attempted,crosses_completed,free_kick_taken,matches_appearance,saves,goals_conceded,saves_on_penalty,clean_sheets,punches_made,goals,inside_area,outside_area,right_foot,left_foot,head,other,penalties_scored,distance_covered(km/h),top_speed,minutes_played,avg_goals_per_game,team_index,passes_per_90,assists_per_90,showman_index,appearance,aggression_index,runner_index,saves_per_90,goals_conceded_per_90,punches_made_per_90,clean_sheets_per_90,saves_per_90_scaled,clean_sheets_per_90_scaled,goals_conceded_per_90_scaled,punches_made_per_90_scaled,height(cm)_scaled,weight(kg)_scaled,saves_on_penalty_scaled,archetype,archetype_name
250171278,David Raya,Spain,Goalkeeper,UNKNOWN,77.27009557985615,184.37790670472472,29,52280,England,Arsenal FC,0.0,0.0,0.0,0.0,0.0,0.0,0.0,0.0,0.0,0.0,0.0,0.0,0.0,0.0,1.0,0,0,73.0,121.0,87.0,0.0,0.0,0.0,11.0,4.0,5.0,1.0,0.0,3.0,1.0,0.0,0.0,0.0,0.0,0.0,0.0,0.0,0.0,25.36,27.59,360.0,0.0,47.825,21.75,0.0,0.0,182.0,0.0,52.95,1.25,0.25,0.25,0.75,-0.07555115371468982,2.4597674198915382,-0.40466398549801347,0.03226737571500932,-1.267983631999147,-0.09503916503581689,-0.24889134708717228,0,Shot Stopper
102420,Péter Gulácsi,Hungary,Goalkeeper,GOALKEEPER,82.28915386878653,190.0,34,2603790,Germany,RB Leipzig,0.0,0.0,0.0,0.0,0.0,0.0,0.0,0.0,0.0,0.0,0.0,0.0,1.0,0.0,0.0,0,0,94.5,175.0,166.0,0.0,0.0,0.0,10.0,4.0,12.0,9.0,0.0,0.0,1.0,0.0,0.0,0.0,0.0,0.0,0.0,0.0,0.0,23.21,24.09,360.0,0.0,67.75,41.5,0.0,0.0,182.0,0.0,47.3,3.0,2.25,0.25,0.0,0.7713026761834316,-0.4558552979479144,1.4452878992249742,0.03226737571500932,0.6619310260699415,1.0597382709947383,-0.24889134708717228,2,Commanding Keeper
250006714,Marco Bizot,Netherlands,Goalkeeper,GOALKEEPER,84.21198931183561,194.0,33,2601306,France,Stade Brestois 29,0.0,0.0,0.0,0.0,0.0,0.0,0.0,0.0,0.0,0.0,0.0,0.0,3.0,0.0,1.0,0,0,62.5,133.0,84.0,0.0,0.0,0.0,27.0,4.0,9.0,3.0,0.0,1.0,6.0,0.0,0.0,0.0,0.0,0.0,0.0,0.0,0.0,22.1,26.53,360.0,0.0,44.6,21.0,0.0,0.0,182.0,0.0,48.63,2.25,0.75,1.5,0.25,0.4083653205128081,0.5160189413319033,0.057823985682733475,2.9189784079496626,2.035024325457883,1.5021413783127242,-0.24889134708717228,2,Commanding Keeper
250063980,Timon Wellenreuther,Germany,Goalkeeper,UNKNOWN,73.66715751071831,186.0,28,52749,Netherlands,Feyenoord,0.0,0.0,0.0,0.0,0.0,0.0,0.0,0.0,0.0,0.0,0.0,0.0,4.0,1.0,3.0,0,0,79.75,143.0,113.0,0.0,0.0,0.0,8.0,4.0,12.0,10.0,1.0,0.0,3.0,0.0,0.0,0.0,0.0,0.0,0.0,0.0,0.0,21.67,26.7,360.0,0.0,54.675,28.25,0.0,0.0,182.0,0.375,48.370000000000005,3.0,2.5,0.75,0.0,0.7713026761834316,-0.4558552979479144,1.6765318848153479,1.1869517886088707,-0.7111622733179999,-0.9239977756246048,4.0178174601214955,2,Commanding Keeper
98078,Simon Mignolet,Belgium,Goalkeeper,GOALKEEPER,89.07973541570486,193.0,36,50043,Belgium,Club Brugge KV,0.0,0.0,0.0,0.0,0.0,0.0,0.0,0.0,0.0,0.0,0.0,0.0,4.0,0.0,1.0,0,0,92.25,135.0,123.0,0.0,1.0,0.0,6.0,4.0,8.0,6.0,0.0,2.0,2.0,0.0,0.0,0.0,0.0,0.0,0.0,0.0,0.0,21.18,23.62,360.0,0.0,59.625,30.75,0.0,0.0,182.0,0.0,44.8,2.0,1.5,0.5,0.5,0.2873862019559336,1.4878931806117208,0.7515559424538539,0.6096095821619401,1.6917510006108976,2.6221051327627234,-0.24889134708717228,2,Commanding Keeper
250121017,Dmytro Riznyk,Ukraine,Goalkeeper,GOALKEEPER,76.68902409258284,186.43317619959646,25,52707,Ukraine,FC Shakhtar Donetsk,0.0,0.0,0.0,0.0,0.0,0.0,0.0,0.0,0.0,0.0,0.0,0.0,4.0,0.0,1.0,0,0,75.25,187.0,138.0,0.0,0.0,0.0,1.0,4.0,11.0,5.0,1.0,1.0,2.0,0.0,0.0,0.0,0.0,0.0,0.0,0.0,0.0,20.88,25.77,360.0,0.0,59.150000000000006,34.5,0.0,0.0,182.0,0.0,46.65,2.75,1.25,0.5,0.25,0.6503235576265571,0.5160189413319033,0.5203119568634804,0.6096095821619401,-0.5624644390379417,-0.22873122509892665,4.0178174601214955,2,Commanding Keeper
250087102,Alexander Nübel,Germany,Goalkeeper,GOALKEEPER,82.46910984321049,193.0,28,50107,Germany,VfB Stuttgart,0.0,0.0,0.0,0.0,0.0,0.0,0.0,0.0,0.0,0.0,0.0,0.0,3.0,0.0,0.0,0,0,84.25,156.0,132.0,0.0,0.0,0.0,4.0,4.0,10.0,6.0,0.0,1.0,0.0,0.0,0.0,0.0,0.0,0.0,0.0,0.0,0.0,20.78,23.2,360.0,0.0,59.2,33.0,0.0,0.0,182.0,0.0,43.980000000000004,2.5,1.5,0.0,0.25,0.5293444390696826,0.5160189413319033,0.7515559424538539,-0.5450748307319213,1.6917510006108976,1.1011422728574003,-0.24889134708717228,2,Commanding Keeper
250105818,Peter Vindahl,Denmark,Goalkeeper,UNKNOWN,75.35880702383858,189.57852204322583,26,50033,Czechia,AC Sparta Praha,0.0,0.0,0.0,0.0,0.0,0.0,0.0,0.0,0.0,0.0,0.0,0.0,3.0,0.0,2.0,0,0,50.75,145.0,81.0,0.0,0.0,0.0,16.0,4.0,21.0,8.0,0.0,1.0,6.0,0.0,0.0,0.0,0.0,0.0,0.0,0.0,0.0,20.74,27.01,360.0,0.0,40.875,20.25,0.0,0.0,182.0,0.0,47.75,5.25,2.0,1.5,0.25,1.860114743195302,0.5160189413319033,1.2140439136346008,2.9189784079496626,0.5172488864983587,-0.5347855818288502,-0.24889134708717228,2,Commanding Keeper
250012069,Jan Oblak,Slovenia,Goalkeeper,GOALKEEPER,86.41481025701877,186.0,31,50124,Spain,Atlético de Madrid,0.0,0.0,0.0,0.0,0.0,0.0,0.0,0.0,0.0,0.0,0.0,0.0,2.0,0.0,0.0,0,0,80.25,82.0,65.0,0.0,0.0,0.0,7.0,4.0,17.0,9.0,0.0,0.0,1.0,0.0,0.0,0.0,0.0,0.0,0.0,0.0,0.0,19.96,24.14,360.0,0.0,45.175000000000004,16.25,0.0,0.0,182.0,0.0,44.1,4.25,2.25,0.25,0.0,1.376198268967804,-0.4558552979479144,1.4452878992249742,0.03226737571500932,-0.7111622733179999,2.008963131852296,-0.24889134708717228,2,Commanding Keeper
250124006,Franco Israel,Uruguay,Goalkeeper,UNKNOWN,75.52909310747478,187.58875786811242,24,50149,Portugal,Sporting Clube de Portugal,0.0,0.0,0.0,0.0,0.0,0.0,0.0,0.0,0.0,0.0,0.0,0.0,2.0,0.0,1.0,0,0,80.75,134.0,108.0,0.0,0.0,0.0,11.0,4.0,17.0,2.0,0.0,2.0,3.0,0.0,0.0,0.0,0.0,0.0,0.0,0.0,0.0,19.89,22.6,360.0,0.0,53.800000000000004,27.0,0.0,0.0,182.0,0.0,42.49,4.25,0.5,0.75,0.5,1.376198268967804,1.4878931806117208,-0.17341999990764,1.1869517886088707,-0.16578407755423985,-0.4956064139983444,-0.24889134708717228,0,Shot Stopper
97746,Yann Sommer,Switzerland,Goalkeeper,GOALKEEPER,78.76231283508203,183.0,35,50138,Italy,FC Internazionale Milano,0.0,0.0,0.0,1.0,0.0,0.0,0.0,0.0,0.0,0.0,0.0,0.0,5.0,0.0,1.0,0,0,82.0,184.0,154.0,0.0,0.0,0.0,10.0,4.0,15.0,0.0,0.0,4.0,4.0,0.0,0.0,0.0,0.0,0.0,0.0,0.0,0.0,19.84,21.24,360.0,0.0,62.75,38.5,0.0,0.25,182.0,0.0,41.08,3.75,0.0,1.0,1.0,1.134240031854055,3.431641659171356,-0.6359079710883869,1.7642939950558014,-1.7409822478589558,0.24828795268082654,-0.24889134708717228,0,Shot Stopper
250135068,Lucas Chevalier,France,Goalkeeper,GOALKEEPER,77.51042346291301,189.02974829178976,23,75797,France,LOSC Lille,0.0,0.0,0.0,0.0,0.0,0.0,0.0,0.0,0.0,0.0,0.0,0.0,8.0,0.0,0.0,0,0,65.0,142.0,93.0,0.0,0.0,0.0,10.0,4.0,13.0,4.0,0.0,1.0,1.0,0.0,0.0,0.0,0.0,0.0,0.0,0.0,0.0,19.66,24.81,360.0,0.0,47.175000000000004,23.25,0.0,0.0,182.0,0.0,44.47,3.25,1.0,0.25,0.25,0.8922817947403061,0.5160189413319033,0.28906797127310696,0.03226737571500932,0.3288694962541448,-0.039744884589793195,-0.24889134708717228,2,Commanding Keeper
250123304,Kjell Scherpen,Netherlands,Goalkeeper,GOALKEEPER,76.61197391733323,189.4066954285765,24,50111,Austria,SK Sturm Graz,0.0,0.0,0.0,0.0,0.0,0.0,0.0,0.0,0.0,0.0,0.0,0.0,2.0,0.0,1.0,0,0,72.75,119.0,85.0,0.0,0.0,0.0,8.0,4.0,14.0,6.0,0.0,0.0,4.0,0.0,0.0,0.0,0.0,0.0,0.0,0.0,0.0,19.64,22.24,360.0,0.0,47.375,21.25,0.0,0.0,182.0,0.0,41.879999999999995,3.5,1.5,1.0,0.0,1.0132609132971806,-0.4558552979479144,0.7515559424538539,1.7642939950558014,0.45826539319048515,-0.24645881435938363,-0.24889134708717228,2,Commanding Keeper
250105612,Marco Carnesecchi,Italy,Goalkeeper,UNKNOWN,77.4412282849609,187.54831794369292,24,52816,Italy,Atalanta BC,0.0,0.0,0.0,0.0,0.0,0.0,0.0,0.0,0.0,0.0,0.0,0.0,3.0,0.0,0.0,0,0,63.0,129.0,78.0,0.0,0.0,0.0,11.0,4.0,4.0,0.0,0.0,4.0,4.0,0.0,0.0,0.0,0.0,0.0,0.0,0.0,0.0,19.02,29.6,360.0,0.0,43.95,19.5,0.0,0.0,182.0,0.0,48.620000000000005,1.0,0.0,1.0,1.0,-0.1965302722715643,3.431641659171356,-0.6359079710883869,1.7642939950558014,-0.17966602486628308,-0.05566520780210736,-0.24889134708717228,0,Shot Stopper
250157134,Dominik Takáč,Slovakia,Goalkeeper,Unknown,75.78251431246348,186.01364011917897,25,52797,Slovakia,ŠK Slovan Bratislava,0.0,0.0,0.0,0.0,0.0,0.0,0.0,0.0,0.0,0.0,0.0,0.0,1.0,0.0,1.0,0,0,65.0,83.0,53.0,0.0,0.0,0.0,6.0,4.0,23.0,15.0,1.0,0.0,1.0,0.0,0.0,0.0,0.0,0.0,0.0,0.0,0.0,18.72,23.35,360.0,0.0,38.275000000000006,13.25,0.0,0.0,182.0,0.0,42.07,5.75,3.75,0.25,0.0,2.102072980309051,-0.4558552979479144,2.8327518127672153,0.03226737571500932,-0.7064799842561247,-0.4372996415948328,4.0178174601214955,2,Commanding Keeper
74954,Kasper Schmeichel,Denmark,Goalkeeper,GOALKEEPER,76.4576992405225,185.0,38,50050,Scotland,Celtic FC,0.0,0.0,0.0,0.0,0.0,0.0,0.0,0.0,0.0,0.0,0.0,0.0,1.0,1.0,0.0,1,0,88.0,145.0,126.0,0.0,0.0,0.0,8.0,4.0,17.0,9.0,0.0,1.0,4.0,0.0,0.0,0.0,0.0,0.0,0.0,0.0,0.0,18.61,22.89,360.0,0.0,59.150000000000006,31.5,0.0,0.25,182.0,1.125,41.5,4.25,2.25,1.0,0.25,1.376198268967804,0.5160189413319033,1.4452878992249742,1.7642939950558014,-1.054435598164985,-0.28195410161772366,-0.24889134708717228,2,Commanding Keeper
250040573,Łukasz Skorupski,Poland,Goalkeeper,UNKNOWN,77.71500709664733,187.0,33,52969,Italy,Bologna FC 1909,0.0,0.0,0.0,0.0,0.0,0.0,0.0,0.0,0.0,0.0,0.0,0.0,5.0,0.0,2.0,0,0,81.75,132.0,109.0,0.0,0.0,0.0,9.0,4.0,10.0,5.0,1.0,1.0,3.0,0.0,0.0,0.0,0.0,0.0,0.0,0.0,0.0,18.15,27.16,360.0,0.0,54.075,27.25,0.0,0.0,182.0,0.0,45.31,2.5,1.25,0.75,0.25,0.5293444390696826,0.5160189413319033,0.5203119568634804,1.1869517886088707,-0.3678889484710145,0.007325412349889288,4.0178174601214955,2,Commanding Keeper
250113444,Anatoliy Trubin,Ukraine,Goalkeeper,GOALKEEPER,76.0077473485445,184.1384260036263,23,50147,Portugal,SL Benfica,0.0,0.0,0.0,0.0,0.0,0.0,0.0,0.0,0.0,0.0,0.0,0.0,1.0,0.0,0.0,0,0,82.25,119.0,97.0,0.0,0.0,0.0,9.0,4.0,14.0,5.0,0.0,1.0,5.0,0.0,0.0,0.0,0.0,0.0,0.0,0.0,0.0,17.81,22.68,360.0,0.0,52.074999999999996,24.25,0.0,0.0,182.0,0.0,40.489999999999995,3.5,1.25,1.25,0.25,1.0132609132971806,0.5160189413319033,0.5203119568634804,2.341636201502732,-1.3501909685018871,-0.38547836099949445,-0.24889134708717228,2,Commanding Keeper
250085475,Paulo Gazzaniga,Argentina,Goalkeeper,UNKNOWN,76.38769942426109,188.18132801698007,32,2602798,Spain,Girona FC,0.0,0.0,0.0,1.0,0.0,0.0,0.0,0.0,0.0,0.0,0.0,0.0,3.0,0.0,0.0,2,0,74.75,145.0,110.0,0.0,0.0,0.0,6.0,4.0,16.0,8.0,1.0,1.0,2.0,0.0,0.0,0.0,0.0,0.0,0.0,0.0,0.0,17.81,23.12,360.0,0.0,52.650000000000006,27.5,0.0,0.75,182.0,1.5,40.93,4.0,2.0,0.5,0.25,1.2552191504109296,0.5160189413319033,1.2140439136346008,0.6096095821619401,0.03762944765263175,-0.2980595548106559,4.0178174601214955,2,Commanding Keeper
250042780,Mike Maignan,France,Goalkeeper,GOALKEEPER,79.13592656441062,187.0,29,50058,Italy,AC Milan,0.0,0.0,0.0,1.0,0.0,0.0,0.0,0.0,0.0,0.0,0.0,0.0,1.0,0.0,3.0,0,0,85.0,151.0,127.0,0.0,0.0,0.0,7.0,4.0,27.0,5.0,0.0,0.0,3.0,0.0,0.0,0.0,0.0,0.0,0.0,0.0,0.0,18.77,26.4,321.0,0.0,59.782242990654204,35.60747663551402,0.0,0.2803738317757009,162.5,0.0,45.17,7.5700934579439245,1.4018691588785046,0.8411214953271028,0.0,2.9828461892418097,-0.4558552979479144,0.6607872752127727,1.3973849292764435,-0.3678889484710145,0.3342484415979288,-0.24889134708717228,2,Commanding Keeper
97923,Manuel Neuer,Germany,Goalkeeper,GOALKEEPER,93.43833656612392,193.0,38,50037,Germany,FC Bayern München,0.0,0.0,0.0,0.0,0.0,0.0,0.0,0.0,0.0,0.0,0.0,0.0,0.0,0.0,1.0,0,0,90.75,156.0,139.0,0.0,0.0,0.0,6.0,4.0,1.0,5.0,0.0,2.0,0.0,0.0,0.0,0.0,0.0,0.0,0.0,0.0,0.0,21.67,24.91,315.0,0.0,63.814285714285724,39.714285714285715,0.0,0.0,159.5,0.0,46.58,0.2857142857142857,1.4285714285714286,0.0,0.5714285714285714,-0.5421848967197772,1.7655715346916687,0.6854862322851758,-0.5450748307319213,1.6917510006108976,3.624925576641925,-0.24889134708717228,2,Commanding Keeper
250051291,Janis Blaswich,Germany,Goalkeeper,UNKNOWN,76.19232051475181,193.0,33,50030,Austria,FC Salzburg,0.0,0.0,0.0,0.0,0.0,0.0,0.0,0.0,0.0,0.0,0.0,0.0,2.0,0.0,0.0,1,0,79.0,114.0,83.0,0.0,0.0,0.0,4.0,4.0,10.0,9.0,0.0,0.0,2.0,0.0,0.0,0.0,0.0,0.0,0.0,0.0,0.0,18.97,25.51,291.0,0.0,50.70103092783505,25.670103092783506,0.0,0.30927835051546393,147.5,0.9278350515463918,44.480000000000004,3.0927835051546393,2.783505154639175,0.6185567010309279,0.0,0.8162021428643336,-0.4558552979479144,1.93876733239206,0.883400731611,1.6917510006108976,-0.3430120425462877,-0.24889134708717228,2,Commanding Keeper
250081721,Iñaki Peña,Spain,Goalkeeper,UNKNOWN,73.79653323853759,184.42161755070677,25,50080,Spain,FC Barcelona,0.0,0.0,0.0,0.0,0.0,0.0,0.0,0.0,0.0,0.0,0.0,0.0,1.0,0.0,0.0,0,0,86.67,82.0,69.0,0.0,0.0,0.0,5.0,3.0,3.0,3.0,0.0,1.0,3.0,0.0,0.0,0.0,0.0,0.0,0.0,0.0,0.0,18.16,25.87,270.0,0.0,49.768,23.0,0.0,0.0,136.5,0.0,44.03,1.0,1.0,1.0,0.3333333333333333,-0.1965302722715643,0.8399770210918425,0.28906797127310696,1.7642939950558014,-1.252978864567015,-0.8942312013679878,-0.24889134708717228,0,Shot Stopper
250069832,Gregor Kobel,Switzerland,Goalkeeper,GOALKEEPER,75.43875494693289,189.37212945437585,26,52758,Germany,Borussia Dortmund,0.0,0.0,0.0,0.0,0.0,0.0,0.0,0.0,0.0,0.0,0.0,0.0,7.0,0.0,0.0,0,0,88.34,112.0,100.0,0.0,0.0,0.0,3.0,3.0,12.0,6.0,0.0,1.0,1.0,0.0,0.0,0.0,0.0,0.0,0.0,0.0,0.0,15.94,22.23,270.0,0.0,56.53600000000001,33.333333333333336,0.0,0.0,136.5,0.0,38.17,4.0,2.0,0.3333333333333333,0.3333333333333333,1.2552191504109296,0.8399770210918425,1.2140439136346008,0.22471477786398616,0.4463998163000494,-0.5163912830715649,-0.24889134708717228,2,Commanding Keeper
1907188,Lukas Hradecky,Finland,Goalkeeper,GOALKEEPER,82.04193449874487,190.0,34,50109,Germany,Bayer 04 Leverkusen,0.0,0.0,0.0,0.0,0.0,0.0,0.0,0.0,0.0,0.0,0.0,0.0,3.0,0.0,0.0,1,0,82.0,105.0,88.0,0.0,0.0,0.0,9.0,3.0,13.0,4.0,0.0,2.0,1.0,0.0,0.0,0.0,0.0,0.0,0.0,0.0,0.0,15.87,24.57,270.0,0.0,52.1,29.333333333333332,0.0,0.3333333333333333,136.5,1.0,40.44,4.333333333333333,1.3333333333333333,0.3333333333333333,0.6666666666666666,1.4165246418200954,2.135809340131599,0.5973932853936048,0.22471477786398616,0.6619310260699415,1.0028584075144837,-0.24889134708717228,2,Commanding Keeper
250101144,Walter Benítez,Argentina,Goalkeeper,UNKNOWN,93.10234393544977,191.0,31,50062,Netherlands,PSV Eindhoven,0.0,0.0,0.0,0.0,0.0,0.0,0.0,0.0,0.0,0.0,0.0,0.0,0.0,0.0,1.0,1,0,84.67,115.0,94.0,0.0,0.0,0.0,7.0,3.0,12.0,2.0,0.0,1.0,2.0,0.0,0.0,0.0,0.0,0.0,0.0,0.0,0.0,15.31,26.29,270.0,0.0,54.768,31.333333333333332,0.0,0.3333333333333333,136.5,1.0,41.6,4.0,0.6666666666666666,0.6666666666666666,0.3333333333333333,1.2552191504109296,0.8399770210918425,-0.01925734284739105,0.9945043864598937,1.0052043509169268,3.5476208939226996,-0.24889134708717228,2,Commanding Keeper
250066131,Ivan Nevistić,Croatia,Goalkeeper,GOALKEEPER,74.78661349621134,188.16489150729288,26,50164,Croatia,GNK Dinamo,0.0,0.0,0.0,0.0,0.0,0.0,0.0,0.0,0.0,0.0,0.0,0.0,3.0,0.0,0.0,0,0,72.67,93.0,68.0,0.0,0.0,0.0,13.0,3.0,14.0,11.0,0.0,1.0,2.0,0.0,0.0,0.0,0.0,0.0,0.0,0.0,0.0,15.02,23.1,270.0,0.0,45.168000000000006,22.666666666666668,0.0,0.0,136.5,0.0,38.120000000000005,4.666666666666667,3.6666666666666665,0.6666666666666666,0.3333333333333333,1.5778301332292617,0.8399770210918425,2.7556704842370903,0.9945043864598937,0.031987232323428254,-0.6664350141942733,-0.24889134708717228,2,Commanding Keeper
250078922,Gianluigi Donnarumma,Italy,Goalkeeper,GOALKEEPER,90.72481041966573,196.0,25,52747,France,Paris Saint-Germain,0.0,0.0,0.0,0.0,0.0,0.0,0.0,0.0,0.0,0.0,0.0,0.0,0.0,0.0,1.0,0,0,91.67,87.0,80.0,0.0,0.0,0.0,6.0,3.0,6.0,5.0,0.0,0.0,0.0,0.0,0.0,0.0,0.0,0.0,0.0,0.0,0.0,14.27,25.15,270.0,0.0,53.368,26.666666666666668,0.0,0.0,136.5,0.0,39.42,2.0,1.6666666666666667,0.0,0.0,0.2873862019559336,-0.4558552979479144,0.9057185995141029,-0.5450748307319213,2.7215709751518538,3.0006015330419746,-0.24889134708717228,2,Commanding Keeper
250101201,Michele Di Gregorio,Italy,Goalkeeper,GOALKEEPER,75.79757952876702,187.99041863660946,27,50139,Italy,Juventus,0.0,0.0,0.0,0.0,0.0,0.0,0.0,0.0,0.0,0.0,0.0,0.0,0.0,1.0,0.0,0,1,91.0,84.0,74.0,0.0,0.0,0.0,2.0,3.0,7.0,3.0,0.0,0.0,0.0,0.0,0.0,0.0,0.0,0.0,0.0,0.0,0.0,14.22,24.91,239.0,0.0,53.15983263598326,27.86610878661088,0.0,0.3765690376569038,121.0,2.8242677824267783,39.13,2.6359832635983267,1.1297071129707112,0.0,0.0,0.5951489805441333,-0.4558552979479144,0.40904393032417935,-0.5450748307319213,-0.027904650091666296,-0.4338334591249824,-0.24889134708717228,1,Sweeper Keeper
250052744,David von Ballmoos,Switzerland,Goalkeeper,GOALKEEPER,82.4485139838983,192.0,29,50031,Switzerland,BSC Young Boys,0.0,0.0,0.0,1.0,0.0,0.0,0.0,0.0,0.0,1.0,0.0,1.0,1.0,0.0,0.0,0,0,76.0,63.0,47.0,0.0,0.0,0.0,4.0,2.0,9.0,4.0,1.0,0.0,0.0,0.0,0.0,0.0,0.0,0.0,0.0,0.0,0.0,13.25,21.44,180.0,0.0,43.75,23.5,0.0,0.5,91.0,0.0,34.69,4.5,2.0,0.0,0.0,1.4971773875246785,-0.4558552979479144,1.2140439136346008,-0.5450748307319213,1.3484776757639123,1.0964036083031674,4.0178174601214955,2,Commanding Keeper
250138250,Marvin Keller,Switzerland,Goalkeeper,Unknown,75.54989362945568,190.91833686429274,22,50031,Switzerland,BSC Young Boys,0.0,0.0,0.0,0.0,0.0,0.0,0.0,0.0,0.0,0.0,0.0,0.0,4.0,0.0,1.0,0,0,79.0,94.0,76.0,0.0,0.0,0.0,6.0,2.0,8.0,7.0,0.0,0.0,2.0,0.0,0.0,0.0,0.0,0.0,0.0,0.0,0.0,11.88,24.82,180.0,0.0,52.4,38.0,0.0,0.0,91.0,0.0,36.7,4.0,3.5,1.0,0.0,1.2552191504109296,-0.4558552979479144,2.601507827176842,1.7642939950558014,0.9771715748052654,-0.4908206609629233,-0.24889134708717228,2,Commanding Keeper
250087877,Radosław Majecki,Poland,Goalkeeper,GOALKEEPER,76.96674658100443,187.424286885591,24,50023,France,AS Monaco,0.0,0.0,0.0,0.0,0.0,0.0,0.0,0.0,0.0,0.0,0.0,0.0,2.0,0.0,1.0,0,0,87.5,57.0,49.0,0.0,0.0,0.0,6.0,2.0,3.0,1.0,0.0,1.0,1.0,0.0,0.0,0.0,0.0,0.0,0.0,0.0,0.0,11.59,28.32,180.0,0.0,48.050000000000004,24.5,0.0,0.0,91.0,0.0,39.91,1.5,0.5,0.5,0.5,0.04542796484218467,1.4878931806117208,-0.17341999990764,0.6096095821619401,-0.2222425785652237,-0.1648332496928961,-0.24889134708717228,0,Shot Stopper
250099867,Alisson Becker,Brazil,Goalkeeper,GOALKEEPER,91.98050008628324,191.0,32,7889,England,Liverpool FC,0.0,0.0,0.0,1.0,0.0,0.0,0.0,0.0,0.0,0.0,0.0,0.0,1.0,0.0,0.0,0,0,74.5,85.0,63.0,0.0,0.0,0.0,3.0,2.0,3.0,1.0,0.0,1.0,0.0,0.0,0.0,0.0,0.0,0.0,0.0,0.0,0.0,11.11,29.22,180.0,0.0,47.75,31.5,0.0,0.5,91.0,0.0,40.33,1.5,0.5,0.0,0.5,0.04542796484218467,1.4878931806117208,-0.17341999990764,-0.5450748307319213,1.0052043509169268,3.2895087363842284,-0.24889134708717228,2,Commanding Keeper
250077750,Caoimhin Kelleher,Republic of Ireland,Goalkeeper,Unknown,73.20391789380503,182.14959549353202,25,7889,England,Liverpool FC,0.0,0.0,0.0,0.0,0.0,0.0,0.0,0.0,0.0,0.0,0.0,0.0,4.0,0.0,0.0,0,0,84.5,73.0,62.0,0.0,0.0,0.0,4.0,2.0,11.0,0.0,0.0,2.0,0.0,0.0,0.0,0.0,0.0,0.0,0.0,0.0,0.0,10.81,25.4,180.0,0.0,50.400000000000006,31.0,0.0,0.0,91.0,0.0,36.21,5.5,0.0,0.0,1.0,1.9810938617521765,3.431641659171356,-0.6359079710883869,-0.5450748307319213,-2.0329034302590796,-1.0305792549165897,-0.24889134708717228,0,Shot Stopper
250028705,Stefan Ortega,Germany,Goalkeeper,UNKNOWN,75.62265209572567,187.38703974889103,32,52919,England,Manchester City,0.0,0.0,0.0,0.0,0.0,0.0,0.0,0.0,0.0,0.0,0.0,0.0,0.0,0.0,0.0,0,0,96.5,47.0,45.0,0.0,0.0,0.0,0.0,2.0,1.0,0.0,0.0,2.0,1.0,0.0,0.0,0.0,0.0,0.0,0.0,0.0,0.0,10.6,25.31,180.0,0.0,50.050000000000004,22.5,0.0,0.0,91.0,0.0,35.91,0.5,0.0,0.5,1.0,-0.43848850938531325,3.431641659171356,-0.6359079710883869,0.6096095821619401,-0.23502852702124932,-0.4740805016955803,-0.24889134708717228,0,Shot Stopper
250090955,Philipp Köhn,Switzerland,Goalkeeper,GOALKEEPER,75.04066971235848,188.92903799994494,26,50023,France,AS Monaco,0.0,0.0,0.0,0.0,0.0,0.0,0.0,0.0,0.0,1.0,1.0,0.0,1.0,0.0,1.0,0,0,86.0,39.0,33.0,0.0,0.0,0.0,5.0,2.0,1.0,3.0,0.0,0.0,0.0,0.0,0.0,0.0,0.0,0.0,0.0,0.0,0.0,10.49,22.82,180.0,0.0,43.25,16.5,0.0,0.0,91.0,0.5,33.31,0.5,1.5,0.0,0.0,-0.43848850938531325,-0.4558552979479144,0.7515559424538539,-0.5450748307319213,0.2942983395262633,-0.6079821393717069,-0.24889134708717228,1,Sweeper Keeper
250089824,Andriy Lunin,Ukraine,Goalkeeper,GOALKEEPER,77.37696492896646,184.44236841316055,25,50051,Spain,Real Madrid C.F.,0.0,0.0,0.0,0.0,0.0,0.0,0.0,0.0,0.0,0.0,0.0,0.0,0.0,0.0,0.0,0,0,95.5,34.0,32.0,0.0,0.0,0.0,0.0,2.0,8.0,4.0,0.0,0.0,1.0,0.0,0.0,0.0,0.0,0.0,0.0,0.0,0.0,10.07,25.69,180.0,0.0,46.4,16.0,0.0,0.0,91.0,0.0,35.760000000000005,4.0,2.0,0.5,0.0,1.2552191504109296,-0.4558552979479144,1.2140439136346008,0.6096095821619401,-1.2458556470190632,-0.07045082478321535,-0.24889134708717228,2,Commanding Keeper
250079112,Marko Ilić,Serbia,Goalkeeper,UNKNOWN,75.96423889758557,186.1062913957065,26,50069,Serbia,FK Crvena Zvezda,0.0,0.0,0.0,0.0,0.0,0.0,0.0,0.0,0.0,0.0,0.0,0.0,1.0,0.0,0.0,0,0,44.0,61.0,27.0,0.0,0.0,0.0,8.0,2.0,8.0,10.0,0.0,0.0,1.0,0.0,0.0,0.0,0.0,0.0,0.0,0.0,0.0,9.42,21.15,180.0,0.0,27.750000000000004,13.5,0.0,0.0,91.0,0.0,30.57,4.0,5.0,0.5,0.0,1.2552191504109296,-0.4558552979479144,3.988971740719083,0.6096095821619401,-0.6746752725112009,-0.3954887204238548,-0.24889134708717228,2,Commanding Keeper
250011668,Thibaut Courtois,Belgium,Goalkeeper,GOALKEEPER,90.99364903007088,199.0,32,50051,Spain,Real Madrid C.F.,0.0,0.0,0.0,0.0,0.0,0.0,0.0,0.0,0.0,0.0,0.0,0.0,0.0,0.0,1.0,0,0,91.0,66.0,59.0,0.0,0.0,0.0,6.0,2.0,11.0,3.0,0.0,0.0,1.0,0.0,0.0,0.0,0.0,0.0,0.0,0.0,0.0,9.41,25.7,180.0,0.0,51.85,29.5,0.0,0.0,91.0,0.0,35.11,5.5,1.5,0.5,0.0,1.9810938617521765,-0.4558552979479144,0.7515559424538539,0.6096095821619401,3.7513909496928095,3.0624555190605034,-0.24889134708717228,2,Commanding Keeper
250073809,Ederson,Brazil,Goalkeeper,UNKNOWN,81.29304946162446,188.0,31,52919,England,Manchester City,0.0,0.0,0.0,0.0,0.0,0.0,0.0,0.0,0.0,0.0,0.0,0.0,2.0,0.0,0.0,0,0,92.5,53.0,49.0,0.0,0.0,0.0,3.0,2.0,5.0,4.0,0.0,1.0,1.0,0.0,0.0,0.0,0.0,0.0,0.0,0.0,0.0,9.31,27.32,180.0,0.0,49.650000000000006,24.5,0.0,0.0,91.0,0.0,36.63,2.5,2.0,0.5,0.5,0.5293444390696826,1.4878931806117208,1.2140439136346008,0.6096095821619401,-0.02461562362402915,0.8305560565027676,-0.24889134708717228,2,Commanding Keeper
250080461,Omri Glazer,Israel,Goalkeeper,Unknown,76.08704816819069,182.20111223573826,28,50069,Serbia,FK Crvena Zvezda,0.0,0.0,0.0,0.0,0.0,0.0,0.0,0.0,0.0,0.0,0.0,0.0,0.0,0.0,1.0,0,0,85.5,64.0,54.0,0.0,0.0,0.0,7.0,2.0,4.0,6.0,0.0,0.0,1.0,0.0,0.0,0.0,0.0,0.0,0.0,0.0,0.0,8.77,19.51,180.0,0.0,48.7,27.0,0.0,0.0,91.0,0.0,28.28,2.0,3.0,0.5,0.0,0.2873862019559336,-0.4558552979479144,2.139019855996095,0.6096095821619401,-2.0152191068766565,-0.36723294683721597,-0.24889134708717228,2,Commanding Keeper
250007075,Mattia Perin,Italy,Goalkeeper,GOALKEEPER,77.142853761273,188.0,31,50139,Italy,Juventus,0.0,0.0,0.0,1.0,0.0,0.0,0.0,0.0,0.0,0.0,0.0,0.0,1.0,0.0,0.0,1,0,89.0,55.0,49.0,0.0,0.0,0.0,3.0,2.0,14.0,2.0,1.0,0.0,1.0,0.0,0.0,0.0,0.0,0.0,0.0,0.0,0.0,7.84,25.03,120.0,0.0,52.125,36.75,0.0,1.5,61.0,2.25,32.870000000000005,10.5,1.5,0.75,0.0,4.400676232889666,-0.4558552979479144,0.7515559424538539,1.1869517886088707,-0.02461562362402915,-0.12431477264200429,4.0178174601214955,2,Commanding Keeper
250174737,Alexander Meyer,Germany,Goalkeeper,UNKNOWN,77.2370761814567,184.75607776630216,33,52758,Germany,Borussia Dortmund,0.0,0.0,0.0,0.0,0.0,0.0,0.0,0.0,0.0,0.0,0.0,0.0,0.0,0.0,0.0,0,0,85.0,48.0,41.0,0.0,0.0,0.0,2.0,1.0,1.0,0.0,0.0,1.0,0.0,0.0,0.0,0.0,0.0,0.0,0.0,0.0,0.0,6.82,21.91,90.0,0.0,51.099999999999994,41.0,0.0,0.0,45.5,0.0,28.73,1.0,0.0,0.0,1.0,-0.1965302722715643,3.431641659171356,-0.6359079710883869,-0.5450748307319213,-1.1381675943305476,-0.10263621891085963,-0.24889134708717228,0,Shot Stopper
250029377,Danijel Zagorac,Croatia,Goalkeeper,GOALKEEPER,75.5785938277965,188.62005139822372,37,50164,Croatia,GNK Dinamo,0.0,0.0,0.0,0.0,0.0,0.0,0.0,0.0,0.0,0.0,0.0,0.0,0.0,0.0,0.0,0,0,79.0,33.0,26.0,0.0,0.0,0.0,0.0,1.0,3.0,1.0,0.0,0.0,2.0,0.0,0.0,0.0,0.0,0.0,0.0,0.0,0.0,6.21,22.01,90.0,0.0,42.699999999999996,26.0,0.0,0.0,45.5,0.0,28.220000000000002,3.0,1.0,2.0,0.0,0.7713026761834316,-0.4558552979479144,0.28906797127310696,4.0736628208435235,0.18823148142025023,-0.48421736218739997,-0.24889134708717228,2,Commanding Keeper
250090101,Matvei Safonov,Russia,Goalkeeper,GOALKEEPER,73.40749972875794,185.9943254856049,25,52747,France,Paris Saint-Germain,0.0,0.0,0.0,0.0,0.0,0.0,0.0,0.0,0.0,0.0,0.0,0.0,1.0,0.0,0.0,0,0,83.0,24.0,20.0,0.0,0.0,0.0,0.0,1.0,1.0,0.0,0.0,1.0,0.0,0.0,0.0,0.0,0.0,0.0,0.0,0.0,0.0,6.02,23.96,90.0,0.0,41.6,20.0,0.0,0.0,45.5,0.0,29.98,1.0,0.0,0.0,1.0,-0.1965302722715643,3.431641659171356,-0.6359079710883869,-0.5450748307319213,-0.7131101827413014,-0.983739450344521,-0.24889134708717228,0,Shot Stopper
250081931,Joël Drommel,Netherlands,Goalkeeper,Unknown,74.3250148031299,188.0188121267822,27,50062,Netherlands,PSV Eindhoven,0.0,0.0,0.0,0.0,0.0,0.0,0.0,0.0,0.0,0.0,0.0,0.0,1.0,0.0,0.0,0,0,84.0,45.0,38.0,0.0,0.0,0.0,1.0,1.0,2.0,3.0,0.0,0.0,0.0,0.0,0.0,0.0,0.0,0.0,0.0,0.0,0.0,5.53,24.46,90.0,0.0,49.5,38.0,0.0,0.0,45.5,0.0,29.990000000000002,2.0,3.0,0.0,0.0,0.2873862019559336,-0.4558552979479144,2.139019855996095,-0.5450748307319213,-0.018157922316062353,-0.772638952181461,-0.24889134708717228,2,Commanding Keeper
250117491,Matěj Kovář,Czechia,Goalkeeper,GOALKEEPER,74.55510458377289,187.2964335554476,24,50109,Germany,Bayer 04 Leverkusen,0.0,0.0,0.0,0.0,0.0,0.0,0.0,0.0,0.0,0.0,0.0,0.0,0.0,0.0,0.0,0,0,89.0,36.0,32.0,0.0,0.0,0.0,0.0,1.0,2.0,1.0,0.0,0.0,0.0,0.0,0.0,0.0,0.0,0.0,0.0,0.0,0.0,5.44,22.15,90.0,0.0,48.800000000000004,32.0,0.0,0.0,45.5,0.0,27.59,2.0,1.0,0.0,0.0,0.2873862019559336,-0.4558552979479144,0.28906797127310696,-0.5450748307319213,-0.26613121629630143,-0.7197002390500057,-0.24889134708717228,1,Sweeper Keeper
250007631,Marc-André ter Stegen,Germany,Goalkeeper,GOALKEEPER,85.99498169864151,187.0,32,50080,Spain,FC Barcelona,0.0,0.0,0.0,0.0,0.0,0.0,0.0,0.0,0.0,0.0,0.0,0.0,3.0,0.0,0.0,0,0,70.0,54.0,38.0,0.0,0.0,0.0,3.0,1.0,6.0,2.0,0.0,0.0,2.0,0.0,0.0,0.0,0.0,0.0,0.0,0.0,0.0,5.11,24.12,90.0,0.0,44.8,38.0,0.0,0.0,45.5,0.0,29.23,6.0,2.0,2.0,0.0,2.2230520988659253,-0.4558552979479144,1.2140439136346008,4.0736628208435235,-0.3678889484710145,1.9123696040814482,-0.24889134708717228,2,Commanding Keeper
250055899,Alexander Schlager,Austria,Goalkeeper,GOALKEEPER,77.89177026348466,187.46159415607377,28,50030,Austria,FC Salzburg,0.0,0.0,0.0,0.0,0.0,0.0,0.0,0.0,0.0,0.0,0.0,0.0,0.0,1.0,0.0,0,1,88.0,17.0,15.0,0.0,0.0,0.0,1.0,1.0,2.0,1.0,0.0,0.0,1.0,0.0,0.0,0.0,0.0,0.0,0.0,0.0,0.0,3.92,22.91,66.0,0.0,43.036363636363646,20.454545454545457,0.0,1.3636363636363638,33.5,10.227272727272728,26.83,2.7272727272727275,1.3636363636363638,1.3636363636363638,0.0,0.6393254559395686,-0.4558552979479144,0.6254228594045594,2.604064477160428,-0.20943598778563235,0.0479948178109199,-0.24889134708717228,2,Commanding Keeper
1902445,Sven Ulreich,Germany,Goalkeeper,UNKNOWN,84.11585542568167,192.0,36,50037,Germany,FC Bayern München,0.0,0.0,0.0,0.0,0.0,0.0,0.0,0.0,0.0,0.0,0.0,0.0,0.0,0.0,0.0,0,0,100.0,14.0,14.0,0.0,0.0,0.0,0.0,1.0,1.0,2.0,0.0,0.0,0.0,0.0,0.0,0.0,0.0,0.0,0.0,0.0,0.0,2.79,22.43,45.0,0.0,49.8,28.0,0.0,0.0,23.0,0.0,25.22,2.0,4.0,0.0,0.0,0.2873862019559336,-0.4558552979479144,3.0639957983575887,-0.5450748307319213,1.3484776757639123,1.4800230373455876,-0.24889134708717228,2,Commanding Keeper
250177333,Lorenzo Torriani,Italy,Goalkeeper,Unknown,77.24127696784389,186.08536705423285,19,50058,Italy,AC Milan,0.0,0.0,0.0,0.0,0.0,0.0,0.0,0.0,0.0,0.0,0.0,0.0,2.0,0.0,0.0,0,0,80.0,15.0,12.0,0.0,0.0,0.0,1.0,1.0,3.0,1.0,0.0,0.0,0.0,0.0,0.0,0.0,0.0,0.0,0.0,0.0,0.0,3.14,23.15,39.0,0.0,41.80769230769231,27.69230769230769,0.0,0.0,20.0,0.0,26.29,6.9230769230769225,2.3076923076923075,0.0,0.0,2.669744228922077,-0.4558552979479144,1.4986518958996757,-0.5450748307319213,-0.6818580407790974,-0.101669708252036,-0.24889134708717228,2,Commanding Keeper
93443,Rui Patrício,Portugal,Goalkeeper,GOALKEEPER,81.20234843501568,190.0,36,52816,Italy,Atalanta BC,0.0,0.0,0.0,0.0,0.0,0.0,0.0,0.0,0.0,0.0,0.0,0.0,0.0,0.0,0.0,0,0,0.0,0.0,0.0,0.0,0.0,0.0,0.0,0.0,0.0,0.0,0.0,0.0,0.0,0.0,0.0,0.0,0.0,0.0,0.0,0.0,0.0,0.0,0.0,0.0,0.0,0.0,0.0,0.0,0.0,0.0,0.0,0.0,0.0,0.0,0.0,0.0,-0.6804467464990622,-0.4558552979479144,-0.6359079710883869,-0.5450748307319213,0.6619310260699415,0.8096876997467533,-0.24889134708717228,1,Sweeper Keeper
69178,Scott Carson,England,Goalkeeper,UNKNOWN,85.4073755129247,190.0,39,52919,England,Manchester City,0.0,0.0,0.0,0.0,0.0,0.0,0.0,0.0,0.0,0.0,0.0,0.0,0.0,0.0,0.0,0,0,0.0,0.0,0.0,0.0,0.0,0.0,0.0,0.0,0.0,0.0,0.0,0.0,0.0,0.0,0.0,0.0,0.0,0.0,0.0,0.0,0.0,0.0,0.0,0.0,0.0,0.0,0.0,0.0,0.0,0.0,0.0,0.0,0.0,0.0,0.0,0.0,-0.6804467464990622,-0.4558552979479144,-0.6359079710883869,-0.5450748307319213,0.6619310260699415,1.7771740503588878,-0.24889134708717228,1,Sweeper Keeper
250202692,Lucas García,Spain,Goalkeeper,Unknown,77.39992110409928,185.05603782422523,20,2602798,Spain,Girona FC,0.0,0.0,0.0,0.0,0.0,0.0,0.0,0.0,0.0,0.0,0.0,0.0,0.0,0.0,0.0,0,0,0.0,0.0,0.0,0.0,0.0,0.0,0.0,0.0,0.0,0.0,0.0,0.0,0.0,0.0,0.0,0.0,0.0,0.0,0.0,0.0,0.0,0.0,0.0,0.0,0.0,0.0,0.0,0.0,0.0,0.0,0.0,0.0,0.0,0.0,0.0,0.0,-0.6804467464990622,-0.4558552979479144,-0.6359079710883869,-0.5450748307319213,-1.035199307926,-0.06516910228969264,-0.24889134708717228,1,Sweeper Keeper
250199905,Pau García,Spain,Goalkeeper,Unknown,74.10008205612036,187.07338779504016,17,2602798,Spain,Girona FC,0.0,0.0,0.0,0.0,0.0,0.0,0.0,0.0,0.0,0.0,0.0,0.0,0.0,0.0,0.0,0,0,0.0,0.0,0.0,0.0,0.0,0.0,0.0,0.0,0.0,0.0,0.0,0.0,0.0,0.0,0.0,0.0,0.0,0.0,0.0,0.0,0.0,0.0,0.0,0.0,0.0,0.0,0.0,0.0,0.0,0.0,0.0,0.0,0.0,0.0,0.0,0.0,-0.6804467464990622,-0.4558552979479144,-0.6359079710883869,-0.5450748307319213,-0.342696876064389,-0.8243911427156635,-0.24889134708717228,1,Sweeper Keeper
250198498,Noah Jauny,France,Goalkeeper,UNKNOWN,74.95399616353352,184.82854485793428,20,2601306,France,Stade Brestois 29,0.0,0.0,0.0,0.0,0.0,0.0,0.0,0.0,0.0,0.0,0.0,0.0,0.0,0.0,0.0,0,0,0.0,0.0,0.0,0.0,0.0,0.0,0.0,0.0,0.0,0.0,0.0,0.0,0.0,0.0,0.0,0.0,0.0,0.0,0.0,0.0,0.0,0.0,0.0,0.0,0.0,0.0,0.0,0.0,0.0,0.0,0.0,0.0,0.0,0.0,0.0,0.0,-0.6804467464990622,-0.4558552979479144,-0.6359079710883869,-0.5450748307319213,-1.1132915748439987,-0.6279238600535538,-0.24889134708717228,1,Sweeper Keeper
250196587,Grégoire Coudert,France,Goalkeeper,UNKNOWN,74.84988292163112,185.9591887082218,25,2601306,France,Stade Brestois 29,0.0,0.0,0.0,0.0,0.0,0.0,0.0,0.0,0.0,0.0,0.0,0.0,0.0,0.0,0.0,0,0,0.0,0.0,0.0,0.0,0.0,0.0,0.0,0.0,0.0,0.0,0.0,0.0,0.0,0.0,0.0,0.0,0.0,0.0,0.0,0.0,0.0,0.0,0.0,0.0,0.0,0.0,0.0,0.0,0.0,0.0,0.0,0.0,0.0,0.0,0.0,0.0,-0.6804467464990622,-0.4558552979479144,-0.6359079710883869,-0.5450748307319213,-0.7251717011380022,-0.6518780792755228,-0.24889134708717228,1,Sweeper Keeper
250196542,Federico Ravaglia,Italy,Goalkeeper,Unknown,74.65500442108377,189.28228197998152,24,52969,Italy,Bologna FC 1909,0.0,0.0,0.0,0.0,0.0,0.0,0.0,0.0,0.0,0.0,0.0,0.0,0.0,0.0,0.0,0,0,0.0,0.0,0.0,0.0,0.0,0.0,0.0,0.0,0.0,0.0,0.0,0.0,0.0,0.0,0.0,0.0,0.0,0.0,0.0,0.0,0.0,0.0,0.0,0.0,0.0,0.0,0.0,0.0,0.0,0.0,0.0,0.0,0.0,0.0,0.0,0.0,-0.6804467464990622,-0.4558552979479144,-0.6359079710883869,-0.5450748307319213,0.4155575750356025,-0.696715433664468,-0.24889134708717228,1,Sweeper Keeper
250190774,Jack Porter,England,Goalkeeper,Unknown,75.42559817111369,189.54652346085024,16,52280,England,Arsenal FC,0.0,0.0,0.0,0.0,0.0,0.0,0.0,0.0,0.0,0.0,0.0,0.0,0.0,0.0,0.0,0,0,0.0,0.0,0.0,0.0,0.0,0.0,0.0,0.0,0.0,0.0,0.0,0.0,0.0,0.0,0.0,0.0,0.0,0.0,0.0,0.0,0.0,0.0,0.0,0.0,0.0,0.0,0.0,0.0,0.0,0.0,0.0,0.0,0.0,0.0,0.0,0.0,-0.6804467464990622,-0.4558552979479144,-0.6359079710883869,-0.5450748307319213,0.5062646267358988,-0.5194183744047002,-0.24889134708717228,1,Sweeper Keeper
250190232,Ismail Ka,Netherlands,Goalkeeper,Unknown,73.81005380589232,189.69798783894066,18,52749,Netherlands,Feyenoord,0.0,0.0,0.0,0.0,0.0,0.0,0.0,0.0,0.0,0.0,0.0,0.0,0.0,0.0,0.0,0,0,0.0,0.0,0.0,0.0,0.0,0.0,0.0,0.0,0.0,0.0,0.0,0.0,0.0,0.0,0.0,0.0,0.0,0.0,0.0,0.0,0.0,0.0,0.0,0.0,0.0,0.0,0.0,0.0,0.0,0.0,0.0,0.0,0.0,0.0,0.0,0.0,-0.6804467464990622,-0.4558552979479144,-0.6359079710883869,-0.5450748307319213,0.5582583073988794,-0.891120409421616,-0.24889134708717228,1,Sweeper Keeper
250187771,Tijn Smolenaars,Netherlands,Goalkeeper,UNKNOWN,77.76805954107222,189.71711338938087,19,50062,Netherlands,PSV Eindhoven,0.0,0.0,0.0,0.0,0.0,0.0,0.0,0.0,0.0,0.0,0.0,0.0,0.0,0.0,0.0,0,0,0.0,0.0,0.0,0.0,0.0,0.0,0.0,0.0,0.0,0.0,0.0,0.0,0.0,0.0,0.0,0.0,0.0,0.0,0.0,0.0,0.0,0.0,0.0,0.0,0.0,0.0,0.0,0.0,0.0,0.0,0.0,0.0,0.0,0.0,0.0,0.0,-0.6804467464990622,-0.4558552979479144,-0.6359079710883869,-0.5450748307319213,0.5648235986880183,0.01953163953861296,-0.24889134708717228,1,Sweeper Keeper
250178085,Mannou Berger,Netherlands,Goalkeeper,Unknown,77.53306393452425,188.42991459480774,20,52749,Netherlands,Feyenoord,0.0,0.0,0.0,0.0,0.0,0.0,0.0,0.0,0.0,0.0,0.0,0.0,0.0,0.0,0.0,0,0,0.0,0.0,0.0,0.0,0.0,0.0,0.0,0.0,0.0,0.0,0.0,0.0,0.0,0.0,0.0,0.0,0.0,0.0,0.0,0.0,0.0,0.0,0.0,0.0,0.0,0.0,0.0,0.0,0.0,0.0,0.0,0.0,0.0,0.0,0.0,0.0,-0.6804467464990622,-0.4558552979479144,-0.6359079710883869,-0.5450748307319213,0.12296258873586859,-0.03453579869106739,-0.24889134708717228,1,Sweeper Keeper
250177933,Nicola Bagnolini,Italy,Goalkeeper,Unknown,76.91388832698401,187.4093570760261,20,52969,Italy,Bologna FC 1909,0.0,0.0,0.0,0.0,0.0,0.0,0.0,0.0,0.0,0.0,0.0,0.0,0.0,0.0,0.0,0,0,0.0,0.0,0.0,0.0,0.0,0.0,0.0,0.0,0.0,0.0,0.0,0.0,0.0,0.0,0.0,0.0,0.0,0.0,0.0,0.0,0.0,0.0,0.0,0.0,0.0,0.0,0.0,0.0,0.0,0.0,0.0,0.0,0.0,0.0,0.0,0.0,-0.6804467464990622,-0.4558552979479144,-0.6359079710883869,-0.5450748307319213,-0.227367583933891,-0.17699479784334843,-0.24889134708717228,1,Sweeper Keeper
250177433,Valentin Oelz,Austria,Goalkeeper,Unknown,74.53864014140089,188.05238941863422,19,50030,Austria,FC Salzburg,0.0,0.0,0.0,0.0,0.0,0.0,0.0,0.0,0.0,0.0,0.0,0.0,0.0,0.0,0.0,0,0,0.0,0.0,0.0,0.0,0.0,0.0,0.0,0.0,0.0,0.0,0.0,0.0,0.0,0.0,0.0,0.0,0.0,0.0,0.0,0.0,0.0,0.0,0.0,0.0,0.0,0.0,0.0,0.0,0.0,0.0,0.0,0.0,0.0,0.0,0.0,0.0,-0.6804467464990622,-0.4558552979479144,-0.6359079710883869,-0.5450748307319213,-0.006631733702659699,-0.7234883533641872,-0.24889134708717228,1,Sweeper Keeper
250176532,Fran González,Spain,Goalkeeper,UNKNOWN,76.24474572038956,186.3643147421457,19,50051,Spain,Real Madrid C.F.,0.0,0.0,0.0,0.0,0.0,0.0,0.0,0.0,0.0,0.0,0.0,0.0,0.0,0.0,0.0,0,0,0.0,0.0,0.0,0.0,0.0,0.0,0.0,0.0,0.0,0.0,0.0,0.0,0.0,0.0,0.0,0.0,0.0,0.0,0.0,0.0,0.0,0.0,0.0,0.0,0.0,0.0,0.0,0.0,0.0,0.0,0.0,0.0,0.0,0.0,0.0,0.0,-0.6804467464990622,-0.4558552979479144,-0.6359079710883869,-0.5450748307319213,-0.5861027404908752,-0.33095012952103914,-0.24889134708717228,1,Sweeper Keeper
250176229,Max Schmitt,Germany,Goalkeeper,UNKNOWN,75.8664505271648,190.09191912864577,18,50037,Germany,FC Bayern München,0.0,0.0,0.0,0.0,0.0,0.0,0.0,0.0,0.0,0.0,0.0,0.0,0.0,0.0,0.0,0,0,0.0,0.0,0.0,0.0,0.0,0.0,0.0,0.0,0.0,0.0,0.0,0.0,0.0,0.0,0.0,0.0,0.0,0.0,0.0,0.0,0.0,0.0,0.0,0.0,0.0,0.0,0.0,0.0,0.0,0.0,0.0,0.0,0.0,0.0,0.0,0.0,-0.6804467464990622,-0.4558552979479144,-0.6359079710883869,-0.5450748307319213,0.6934844109772129,-0.41798772266042206,-0.24889134708717228,1,Sweeper Keeper
250174995,Matteo Bignetti,Austria,Goalkeeper,Unknown,75.14833814375248,188.60947292744157,20,50111,Austria,SK Sturm Graz,0.0,0.0,0.0,0.0,0.0,0.0,0.0,0.0,0.0,0.0,0.0,0.0,0.0,0.0,0.0,0,0,0.0,0.0,0.0,0.0,0.0,0.0,0.0,0.0,0.0,0.0,0.0,0.0,0.0,0.0,0.0,0.0,0.0,0.0,0.0,0.0,0.0,0.0,0.0,0.0,0.0,0.0,0.0,0.0,0.0,0.0,0.0,0.0,0.0,0.0,0.0,0.0,-0.6804467464990622,-0.4558552979479144,-0.6359079710883869,-0.5450748307319213,0.18460017458306494,-0.5832099474605633,-0.24889134708717228,1,Sweeper Keeper
250172534,Vuk Draškić,Serbia,Goalkeeper,Unknown,76.70938975151049,189.17571477523327,17,50069,Serbia,FK Crvena Zvezda,0.0,0.0,0.0,0.0,0.0,0.0,0.0,0.0,0.0,0.0,0.0,0.0,0.0,0.0,0.0,0,0,0.0,0.0,0.0,0.0,0.0,0.0,0.0,0.0,0.0,0.0,0.0,0.0,0.0,0.0,0.0,0.0,0.0,0.0,0.0,0.0,0.0,0.0,0.0,0.0,0.0,0.0,0.0,0.0,0.0,0.0,0.0,0.0,0.0,0.0,0.0,0.0,-0.6804467464990622,-0.4558552979479144,-0.6359079710883869,-0.5450748307319213,0.37897589634202294,-0.22404552470540712,-0.24889134708717228,1,Sweeper Keeper
250170952,Dennis Seimen,Germany,Goalkeeper,UNKNOWN,75.32246001299002,188.6782215884955,18,50107,Germany,VfB Stuttgart,0.0,0.0,0.0,0.0,0.0,0.0,0.0,0.0,0.0,0.0,0.0,0.0,0.0,0.0,0.0,0,0,0.0,0.0,0.0,0.0,0.0,0.0,0.0,0.0,0.0,0.0,0.0,0.0,0.0,0.0,0.0,0.0,0.0,0.0,0.0,0.0,0.0,0.0,0.0,0.0,0.0,0.0,0.0,0.0,0.0,0.0,0.0,0.0,0.0,0.0,0.0,0.0,-0.6804467464990622,-0.4558552979479144,-0.6359079710883869,-0.5450748307319213,0.2081997560418214,-0.543148247806977,-0.24889134708717228,1,Sweeper Keeper
250169894,Francisco Silva,Portugal,Goalkeeper,Unknown,75.81766997324935,186.97534176069678,18,50149,Portugal,Sporting Clube de Portugal,0.0,0.0,0.0,0.0,0.0,0.0,0.0,0.0,0.0,0.0,0.0,0.0,0.0,0.0,0.0,0,0,0.0,0.0,0.0,0.0,0.0,0.0,0.0,0.0,0.0,0.0,0.0,0.0,0.0,0.0,0.0,0.0,0.0,0.0,0.0,0.0,0.0,0.0,0.0,0.0,0.0,0.0,0.0,0.0,0.0,0.0,0.0,0.0,0.0,0.0,0.0,0.0,-0.6804467464990622,-0.4558552979479144,-0.6359079710883869,-0.5450748307319213,-0.3763534642615039,-0.42921107966005506,-0.24889134708717228,1,Sweeper Keeper
250169577,Áron Yaakobishvili,Hungary,Goalkeeper,Unknown,75.02435263710896,193.1523101077786,18,50080,Spain,FC Barcelona,0.0,0.0,0.0,0.0,0.0,0.0,0.0,0.0,0.0,0.0,0.0,0.0,0.0,0.0,0.0,0,0,0.0,0.0,0.0,0.0,0.0,0.0,0.0,0.0,0.0,0.0,0.0,0.0,0.0,0.0,0.0,0.0,0.0,0.0,0.0,0.0,0.0,0.0,0.0,0.0,0.0,0.0,0.0,0.0,0.0,0.0,0.0,0.0,0.0,0.0,0.0,0.0,-0.6804467464990622,-0.4558552979479144,-0.6359079710883869,-0.5450748307319213,1.7440349977158567,-0.6117363476784152,-0.24889134708717228,1,Sweeper Keeper
250169576,Diego Kochen,USA,Goalkeeper,UNKNOWN,74.84049640187389,182.63883534605915,18,50080,Spain,FC Barcelona,0.0,0.0,0.0,0.0,0.0,0.0,0.0,0.0,0.0,0.0,0.0,0.0,0.0,0.0,0.0,0,0,0.0,0.0,0.0,0.0,0.0,0.0,0.0,0.0,0.0,0.0,0.0,0.0,0.0,0.0,0.0,0.0,0.0,0.0,0.0,0.0,0.0,0.0,0.0,0.0,0.0,0.0,0.0,0.0,0.0,0.0,0.0,0.0,0.0,0.0,0.0,0.0,-0.6804467464990622,-0.4558552979479144,-0.6359079710883869,-0.5450748307319213,-1.8649604394344412,-0.6540377157241388,-0.24889134708717228,1,Sweeper Keeper
250165547,Daniil Khudiakov,Russia,Goalkeeper,UNKNOWN,75.76654747099538,186.9656447692557,20,50111,Austria,SK Sturm Graz,0.0,0.0,0.0,0.0,0.0,0.0,0.0,0.0,0.0,0.0,0.0,0.0,0.0,0.0,0.0,0,0,0.0,0.0,0.0,0.0,0.0,0.0,0.0,0.0,0.0,0.0,0.0,0.0,0.0,0.0,0.0,0.0,0.0,0.0,0.0,0.0,0.0,0.0,0.0,0.0,0.0,0.0,0.0,0.0,0.0,0.0,0.0,0.0,0.0,0.0,0.0,0.0,-0.6804467464990622,-0.4558552979479144,-0.6359079710883869,-0.5450748307319213,-0.37968218275449445,-0.44097326863612535,-0.24889134708717228,1,Sweeper Keeper
250164989,André Gomes,Portugal,Goalkeeper,UNKNOWN,76.54340825686045,183.8103118555017,20,50147,Portugal,SL Benfica,0.0,0.0,0.0,0.0,0.0,0.0,0.0,0.0,0.0,0.0,0.0,0.0,0.0,0.0,0.0,0,0,0.0,0.0,0.0,0.0,0.0,0.0,0.0,0.0,0.0,0.0,0.0,0.0,0.0,0.0,0.0,0.0,0.0,0.0,0.0,0.0,0.0,0.0,0.0,0.0,0.0,0.0,0.0,0.0,0.0,0.0,0.0,0.0,0.0,0.0,0.0,0.0,-0.6804467464990622,-0.4558552979479144,-0.6359079710883869,-0.5450748307319213,-1.4628238030579543,-0.262234299130129,-0.24889134708717228,1,Sweeper Keeper
250164740,Tommy Setford,Netherlands,Goalkeeper,UNKNOWN,74.84259216627362,187.84613332422498,18,52280,England,Arsenal FC,0.0,0.0,0.0,0.0,0.0,0.0,0.0,0.0,0.0,0.0,0.0,0.0,0.0,0.0,0.0,0,0,0.0,0.0,0.0,0.0,0.0,0.0,0.0,0.0,0.0,0.0,0.0,0.0,0.0,0.0,0.0,0.0,0.0,0.0,0.0,0.0,0.0,0.0,0.0,0.0,0.0,0.0,0.0,0.0,0.0,0.0,0.0,0.0,0.0,0.0,0.0,0.0,-0.6804467464990622,-0.4558552979479144,-0.6359079710883869,-0.5450748307319213,-0.0774339490004736,-0.6535555253807077,-0.24889134708717228,1,Sweeper Keeper
250164626,Ander Astralaga,Spain,Goalkeeper,UNKNOWN,75.94868776523232,186.08731996860126,20,50080,Spain,FC Barcelona,0.0,0.0,0.0,0.0,0.0,0.0,0.0,0.0,0.0,0.0,0.0,0.0,0.0,0.0,0.0,0,0,0.0,0.0,0.0,0.0,0.0,0.0,0.0,0.0,0.0,0.0,0.0,0.0,0.0,0.0,0.0,0.0,0.0,0.0,0.0,0.0,0.0,0.0,0.0,0.0,0.0,0.0,0.0,0.0,0.0,0.0,0.0,0.0,0.0,0.0,0.0,0.0,-0.6804467464990622,-0.4558552979479144,-0.6359079710883869,-0.5450748307319213,-0.6811876573707095,-0.39906670173279224,-0.24889134708717228,1,Sweeper Keeper
250164169,Louis Mouquet,France,Goalkeeper,UNKNOWN,74.38343105371486,187.1406503094091,20,52747,France,Paris Saint-Germain,0.0,0.0,0.0,0.0,0.0,0.0,0.0,0.0,0.0,0.0,0.0,0.0,0.0,0.0,0.0,0,0,0.0,0.0,0.0,0.0,0.0,0.0,0.0,0.0,0.0,0.0,0.0,0.0,0.0,0.0,0.0,0.0,0.0,0.0,0.0,0.0,0.0,0.0,0.0,0.0,0.0,0.0,0.0,0.0,0.0,0.0,0.0,0.0,0.0,0.0,0.0,0.0,-0.6804467464990622,-0.4558552979479144,-0.6359079710883869,-0.5450748307319213,-0.3196074491193967,-0.7591986284813375,-0.24889134708717228,1,Sweeper Keeper
250164068,Lapo Nava,Italy,Goalkeeper,Unknown,76.70818657194498,189.41699432808454,20,50058,Italy,AC Milan,0.0,0.0,0.0,0.0,0.0,0.0,0.0,0.0,0.0,0.0,0.0,0.0,0.0,0.0,0.0,0,0,0.0,0.0,0.0,0.0,0.0,0.0,0.0,0.0,0.0,0.0,0.0,0.0,0.0,0.0,0.0,0.0,0.0,0.0,0.0,0.0,0.0,0.0,0.0,0.0,0.0,0.0,0.0,0.0,0.0,0.0,0.0,0.0,0.0,0.0,0.0,0.0,-0.6804467464990622,-0.4558552979479144,-0.6359079710883869,-0.5450748307319213,0.46180073066687144,-0.22432235046310067,-0.24889134708717228,1,Sweeper Keeper
250163658,Salko Hamzic,Austria,Goalkeeper,Unknown,73.91536415232058,186.46776928602821,18,50030,Austria,FC Salzburg,0.0,0.0,0.0,0.0,0.0,0.0,0.0,0.0,0.0,0.0,0.0,0.0,0.0,0.0,0.0,0,0,0.0,0.0,0.0,0.0,0.0,0.0,0.0,0.0,0.0,0.0,0.0,0.0,0.0,0.0,0.0,0.0,0.0,0.0,0.0,0.0,0.0,0.0,0.0,0.0,0.0,0.0,0.0,0.0,0.0,0.0,0.0,0.0,0.0,0.0,0.0,0.0,-0.6804467464990622,-0.4558552979479144,-0.6359079710883869,-0.5450748307319213,-0.550589555241794,-0.8668907621780041,-0.24889134708717228,1,Sweeper Keeper
250162627,Yann Lienard,France,Goalkeeper,GOALKEEPER,78.23492925573007,184.50800086738354,21,50023,France,AS Monaco,0.0,0.0,0.0,0.0,0.0,0.0,0.0,0.0,0.0,0.0,0.0,0.0,0.0,0.0,0.0,0,0,0.0,0.0,0.0,0.0,0.0,0.0,0.0,0.0,0.0,0.0,0.0,0.0,0.0,0.0,0.0,0.0,0.0,0.0,0.0,0.0,0.0,0.0,0.0,0.0,0.0,0.0,0.0,0.0,0.0,0.0,0.0,0.0,0.0,0.0,0.0,0.0,-0.6804467464990622,-0.4558552979479144,-0.6359079710883869,-0.5450748307319213,-1.223325776240069,0.12694832629875016,-0.24889134708717228,1,Sweeper Keeper
250160990,Diego Callai,Italy,Goalkeeper,UNKNOWN,78.9398092727834,187.97434269733756,20,50149,Portugal,Sporting Clube de Portugal,0.0,0.0,0.0,0.0,0.0,0.0,0.0,0.0,0.0,0.0,0.0,0.0,0.0,0.0,0.0,0,0,0.0,0.0,0.0,0.0,0.0,0.0,0.0,0.0,0.0,0.0,0.0,0.0,0.0,0.0,0.0,0.0,0.0,0.0,0.0,0.0,0.0,0.0,0.0,0.0,0.0,0.0,0.0,0.0,0.0,0.0,0.0,0.0,0.0,0.0,0.0,0.0,-0.6804467464990622,-0.4558552979479144,-0.6359079710883869,-0.5450748307319213,-0.03342309121556967,0.289126068007245,-0.24889134708717228,1,Sweeper Keeper
250160835,Kiril Fesiun,Ukraine,Goalkeeper,UNKNOWN,76.48313405405797,184.61761054077866,22,52707,Ukraine,FC Shakhtar Donetsk,0.0,0.0,0.0,0.0,0.0,0.0,0.0,0.0,0.0,0.0,0.0,0.0,0.0,0.0,0.0,0,0,0.0,0.0,0.0,0.0,0.0,0.0,0.0,0.0,0.0,0.0,0.0,0.0,0.0,0.0,0.0,0.0,0.0,0.0,0.0,0.0,0.0,0.0,0.0,0.0,0.0,0.0,0.0,0.0,0.0,0.0,0.0,0.0,0.0,0.0,0.0,0.0,-0.6804467464990622,-0.4558552979479144,-0.6359079710883869,-0.5450748307319213,-1.1856996992183364,-0.2761020977019326,-0.24889134708717228,1,Sweeper Keeper
250154332,Giovanni Daffara,Italy,Goalkeeper,Unknown,76.84240123352379,186.25943227749235,19,50139,Italy,Juventus,0.0,0.0,0.0,0.0,0.0,0.0,0.0,0.0,0.0,0.0,0.0,0.0,0.0,0.0,0.0,0,0,0.0,0.0,0.0,0.0,0.0,0.0,0.0,0.0,0.0,0.0,0.0,0.0,0.0,0.0,0.0,0.0,0.0,0.0,0.0,0.0,0.0,0.0,0.0,0.0,0.0,0.0,0.0,0.0,0.0,0.0,0.0,0.0,0.0,0.0,0.0,0.0,-0.6804467464990622,-0.4558552979479144,-0.6359079710883869,-0.5450748307319213,-0.6221060928505747,-0.19344244155319318,-0.24889134708717228,1,Sweeper Keeper
250154301,Sergio Mestre,Spain,Goalkeeper,Unknown,76.03189729452339,188.98346657984067,19,50051,Spain,Real Madrid C.F.,0.0,0.0,0.0,0.0,0.0,0.0,0.0,0.0,0.0,0.0,0.0,0.0,0.0,0.0,0.0,0,0,0.0,0.0,0.0,0.0,0.0,0.0,0.0,0.0,0.0,0.0,0.0,0.0,0.0,0.0,0.0,0.0,0.0,0.0,0.0,0.0,0.0,0.0,0.0,0.0,0.0,0.0,0.0,0.0,0.0,0.0,0.0,0.0,0.0,0.0,0.0,0.0,-0.6804467464990622,-0.4558552979479144,-0.6359079710883869,-0.5450748307319213,0.31298221911376944,-0.37992197749239565,-0.24889134708717228,1,Sweeper Keeper
250153408,Silas Ostrzinski,Germany,Goalkeeper,GOALKEEPER,76.01019300527985,187.2968302248504,20,52758,Germany,Borussia Dortmund,0.0,0.0,0.0,0.0,0.0,0.0,0.0,0.0,0.0,0.0,0.0,0.0,0.0,0.0,0.0,0,0,0.0,0.0,0.0,0.0,0.0,0.0,0.0,0.0,0.0,0.0,0.0,0.0,0.0,0.0,0.0,0.0,0.0,0.0,0.0,0.0,0.0,0.0,0.0,0.0,0.0,0.0,0.0,0.0,0.0,0.0,0.0,0.0,0.0,0.0,0.0,0.0,-0.6804467464990622,-0.4558552979479144,-0.6359079710883869,-0.5450748307319213,-0.2659950502715408,-0.3849156679499869,-0.24889134708717228,1,Sweeper Keeper
250148144,Niek Schiks,Netherlands,Goalkeeper,GOALKEEPER,77.03314295229293,187.22720118934464,20,50062,Netherlands,PSV Eindhoven,0.0,0.0,0.0,0.0,0.0,0.0,0.0,0.0,0.0,0.0,0.0,0.0,0.0,0.0,0.0,0,0,0.0,0.0,0.0,0.0,0.0,0.0,0.0,0.0,0.0,0.0,0.0,0.0,0.0,0.0,0.0,0.0,0.0,0.0,0.0,0.0,0.0,0.0,0.0,0.0,0.0,0.0,0.0,0.0,0.0,0.0,0.0,0.0,0.0,0.0,0.0,0.0,-0.6804467464990622,-0.4558552979479144,-0.6359079710883869,-0.5450748307319213,-0.28989684079549033,-0.14955687173821558,-0.24889134708717228,1,Sweeper Keeper
250139028,Ivan Guteša,Serbia,Goalkeeper,Unknown,74.78829834881908,189.44380730705421,22,50069,Serbia,FK Crvena Zvezda,0.0,0.0,0.0,0.0,0.0,0.0,0.0,0.0,0.0,0.0,0.0,0.0,0.0,0.0,0.0,0,0,0.0,0.0,0.0,0.0,0.0,0.0,0.0,0.0,0.0,0.0,0.0,0.0,0.0,0.0,0.0,0.0,0.0,0.0,0.0,0.0,0.0,0.0,0.0,0.0,0.0,0.0,0.0,0.0,0.0,0.0,0.0,0.0,0.0,0.0,0.0,0.0,-0.6804467464990622,-0.4558552979479144,-0.6359079710883869,-0.5450748307319213,0.47100491110684334,-0.6660473658223179,-0.24889134708717228,1,Sweeper Keeper
250138950,Diogo Pinto,Portugal,Goalkeeper,UNKNOWN,74.54852812279951,185.35742387706262,20,50149,Portugal,Sporting Clube de Portugal,0.0,0.0,0.0,0.0,0.0,0.0,0.0,0.0,0.0,0.0,0.0,0.0,0.0,0.0,0.0,0,0,0.0,0.0,0.0,0.0,0.0,0.0,0.0,0.0,0.0,0.0,0.0,0.0,0.0,0.0,0.0,0.0,0.0,0.0,0.0,0.0,0.0,0.0,0.0,0.0,0.0,0.0,0.0,0.0,0.0,0.0,0.0,0.0,0.0,0.0,0.0,0.0,-0.6804467464990622,-0.4558552979479144,-0.6359079710883869,-0.5450748307319213,-0.9317415155060012,-0.7212133413699651,-0.24889134708717228,1,Sweeper Keeper
250138286,Adam Hrdina,Slovakia,Goalkeeper,UNKNOWN,73.88501654430115,187.12370794700223,20,52797,Slovakia,ŠK Slovan Bratislava,0.0,0.0,0.0,0.0,0.0,0.0,0.0,0.0,0.0,0.0,0.0,0.0,0.0,0.0,0.0,0,0,0.0,0.0,0.0,0.0,0.0,0.0,0.0,0.0,0.0,0.0,0.0,0.0,0.0,0.0,0.0,0.0,0.0,0.0,0.0,0.0,0.0,0.0,0.0,0.0,0.0,0.0,0.0,0.0,0.0,0.0,0.0,0.0,0.0,0.0,0.0,0.0,-0.6804467464990622,-0.4558552979479144,-0.6359079710883869,-0.5450748307319213,-0.3254233101935641,-0.8738730945122638,-0.24889134708717228,1,Sweeper Keeper
250137521,Juan Musso,Argentina,Goalkeeper,UNKNOWN,76.96730477767885,187.1854714503403,30,50124,Spain,Atlético de Madrid,0.0,0.0,0.0,0.0,0.0,0.0,0.0,0.0,0.0,0.0,0.0,0.0,0.0,0.0,0.0,0,0,0.0,0.0,0.0,0.0,0.0,0.0,0.0,0.0,0.0,0.0,0.0,0.0,0.0,0.0,0.0,0.0,0.0,0.0,0.0,0.0,0.0,0.0,0.0,0.0,0.0,0.0,0.0,0.0,0.0,0.0,0.0,0.0,0.0,0.0,0.0,0.0,-0.6804467464990622,-0.4558552979479144,-0.6359079710883869,-0.5450748307319213,-0.3042215470485115,-0.164704820635615,-0.24889134708717228,1,Sweeper Keeper
250135608,Harvey Davies,England,Goalkeeper,UNKNOWN,75.71227918480808,190.32995298211452,21,7889,England,Liverpool FC,0.0,0.0,0.0,0.0,0.0,0.0,0.0,0.0,0.0,0.0,0.0,0.0,0.0,0.0,0.0,0,0,0.0,0.0,0.0,0.0,0.0,0.0,0.0,0.0,0.0,0.0,0.0,0.0,0.0,0.0,0.0,0.0,0.0,0.0,0.0,0.0,0.0,0.0,0.0,0.0,0.0,0.0,0.0,0.0,0.0,0.0,0.0,0.0,0.0,0.0,0.0,0.0,-0.6804467464990622,-0.4558552979479144,-0.6359079710883869,-0.5450748307319213,0.7751950832835707,-0.4534592348818953,-0.24889134708717228,1,Sweeper Keeper
250135499,Antonio Gomis,Spain,Goalkeeper,Unknown,77.89836920174383,187.87387635247103,21,50124,Spain,Atlético de Madrid,0.0,0.0,0.0,0.0,0.0,0.0,0.0,0.0,0.0,0.0,0.0,0.0,0.0,0.0,0.0,0,0,0.0,0.0,0.0,0.0,0.0,0.0,0.0,0.0,0.0,0.0,0.0,0.0,0.0,0.0,0.0,0.0,0.0,0.0,0.0,0.0,0.0,0.0,0.0,0.0,0.0,0.0,0.0,0.0,0.0,0.0,0.0,0.0,0.0,0.0,0.0,0.0,-0.6804467464990622,-0.4558552979479144,-0.6359079710883869,-0.5450748307319213,-0.06791050745312817,0.04951309167122939,-0.24889134708717228,1,Sweeper Keeper
250127130,Jakub Surovčík,Slovakia,Goalkeeper,Unknown,76.01721959057113,188.3015317633176,22,50033,Czechia,AC Sparta Praha,0.0,0.0,0.0,0.0,0.0,0.0,0.0,0.0,0.0,0.0,0.0,0.0,0.0,0.0,0.0,0,0,0.0,0.0,0.0,0.0,0.0,0.0,0.0,0.0,0.0,0.0,0.0,0.0,0.0,0.0,0.0,0.0,0.0,0.0,0.0,0.0,0.0,0.0,0.0,0.0,0.0,0.0,0.0,0.0,0.0,0.0,0.0,0.0,0.0,0.0,0.0,0.0,-0.6804467464990622,-0.4558552979479144,-0.6359079710883869,-0.5450748307319213,0.07889218731697704,-0.38329900169914527,-0.24889134708717228,1,Sweeper Keeper
250118787,Maarten Vandevoordt,Belgium,Goalkeeper,GOALKEEPER,75.66211172087156,189.03486565130993,22,2603790,Germany,RB Leipzig,0.0,0.0,0.0,0.0,0.0,0.0,0.0,0.0,0.0,0.0,0.0,0.0,0.0,0.0,0.0,0,0,0.0,0.0,0.0,0.0,0.0,0.0,0.0,0.0,0.0,0.0,0.0,0.0,0.0,0.0,0.0,0.0,0.0,0.0,0.0,0.0,0.0,0.0,0.0,0.0,0.0,0.0,0.0,0.0,0.0,0.0,0.0,0.0,0.0,0.0,0.0,0.0,-0.6804467464990622,-0.4558552979479144,-0.6359079710883869,-0.5450748307319213,0.33062614927107103,-0.46500169006806796,-0.24889134708717228,1,Sweeper Keeper
250117408,Samuel Soares,Portugal,Goalkeeper,GOALKEEPER,78.66799451668312,185.29924062700363,22,50147,Portugal,SL Benfica,0.0,0.0,0.0,0.0,0.0,0.0,0.0,0.0,0.0,0.0,0.0,0.0,0.0,0.0,0.0,0,0,0.0,0.0,0.0,0.0,0.0,0.0,0.0,0.0,0.0,0.0,0.0,0.0,0.0,0.0,0.0,0.0,0.0,0.0,0.0,0.0,0.0,0.0,0.0,0.0,0.0,0.0,0.0,0.0,0.0,0.0,0.0,0.0,0.0,0.0,0.0,0.0,-0.6804467464990622,-0.4558552979479144,-0.6359079710883869,-0.5450748307319213,-0.9517142732041536,0.22658733483153426,-0.24889134708717228,1,Sweeper Keeper
250113263,Vitězslav Jaroš,Czechia,Goalkeeper,Unknown,74.10063905551937,192.22747153632028,23,7889,England,Liverpool FC,0.0,0.0,0.0,0.0,0.0,0.0,0.0,0.0,0.0,0.0,0.0,0.0,0.0,0.0,0.0,0,0,0.0,0.0,0.0,0.0,0.0,0.0,0.0,0.0,0.0,0.0,0.0,0.0,0.0,0.0,0.0,0.0,0.0,0.0,0.0,0.0,0.0,0.0,0.0,0.0,0.0,0.0,0.0,0.0,0.0,0.0,0.0,0.0,0.0,0.0,0.0,0.0,-0.6804467464990622,-0.4558552979479144,-0.6359079710883869,-0.5450748307319213,1.4265625863446265,-0.8242629891257207,-0.24889134708717228,1,Sweeper Keeper
250109859,Vladan Kovačević,Serbia,Goalkeeper,UNKNOWN,72.81259547029559,189.4723061883824,26,50149,Portugal,Sporting Clube de Portugal,0.0,0.0,0.0,0.0,0.0,0.0,0.0,0.0,0.0,0.0,0.0,0.0,0.0,0.0,0.0,0,0,0.0,0.0,0.0,0.0,0.0,0.0,0.0,0.0,0.0,0.0,0.0,0.0,0.0,0.0,0.0,0.0,0.0,0.0,0.0,0.0,0.0,0.0,0.0,0.0,0.0,0.0,0.0,0.0,0.0,0.0,0.0,0.0,0.0,0.0,0.0,0.0,-0.6804467464990622,-0.4558552979479144,-0.6359079710883869,-0.5450748307319213,0.4807878168547859,-1.1206141337459794,-0.24889134708717228,1,Sweeper Keeper
250109378,Marcel Lotka,Germany,Goalkeeper,Unknown,73.61881654525949,189.05196874319213,23,52758,Germany,Borussia Dortmund,0.0,0.0,0.0,0.0,0.0,0.0,0.0,0.0,0.0,0.0,0.0,0.0,0.0,0.0,0.0,0,0,0.0,0.0,0.0,0.0,0.0,0.0,0.0,0.0,0.0,0.0,0.0,0.0,0.0,0.0,0.0,0.0,0.0,0.0,0.0,0.0,0.0,0.0,0.0,0.0,0.0,0.0,0.0,0.0,0.0,0.0,0.0,0.0,0.0,0.0,0.0,0.0,-0.6804467464990622,-0.4558552979479144,-0.6359079710883869,-0.5450748307319213,0.3364971844866392,-0.935119992768585,-0.24889134708717228,1,Sweeper Keeper
250106979,Arnau Tenas,Spain,Goalkeeper,UNKNOWN,77.25613911893751,185.7319978518973,23,52747,France,Paris Saint-Germain,0.0,0.0,0.0,0.0,0.0,0.0,0.0,0.0,0.0,0.0,0.0,0.0,0.0,0.0,0.0,0,0,0.0,0.0,0.0,0.0,0.0,0.0,0.0,0.0,0.0,0.0,0.0,0.0,0.0,0.0,0.0,0.0,0.0,0.0,0.0,0.0,0.0,0.0,0.0,0.0,0.0,0.0,0.0,0.0,0.0,0.0,0.0,0.0,0.0,0.0,0.0,0.0,-0.6804467464990622,-0.4558552979479144,-0.6359079710883869,-0.5450748307319213,-0.8031602617633512,-0.09825024672244076,-0.24889134708717228,1,Sweeper Keeper
250106880,Viljami Sinisalo,Finland,Goalkeeper,UNKNOWN,74.46523559130429,189.82654828584103,23,50050,Scotland,Celtic FC,0.0,0.0,0.0,0.0,0.0,0.0,0.0,0.0,0.0,0.0,0.0,0.0,0.0,0.0,0.0,0,0,0.0,0.0,0.0,0.0,0.0,0.0,0.0,0.0,0.0,0.0,0.0,0.0,0.0,0.0,0.0,0.0,0.0,0.0,0.0,0.0,0.0,0.0,0.0,0.0,0.0,0.0,0.0,0.0,0.0,0.0,0.0,0.0,0.0,0.0,0.0,0.0,-0.6804467464990622,-0.4558552979479144,-0.6359079710883869,-0.5450748307319213,0.6023896794501823,-0.7403771626335431,-0.24889134708717228,1,Sweeper Keeper
250105664,Daniel Peretz,Israel,Goalkeeper,GOALKEEPER,76.70610243411741,182.35498347768478,24,50037,Germany,FC Bayern München,0.0,0.0,0.0,0.0,0.0,0.0,0.0,0.0,0.0,0.0,0.0,0.0,0.0,0.0,0.0,0,0,0.0,0.0,0.0,0.0,0.0,0.0,0.0,0.0,0.0,0.0,0.0,0.0,0.0,0.0,0.0,0.0,0.0,0.0,0.0,0.0,0.0,0.0,0.0,0.0,0.0,0.0,0.0,0.0,0.0,0.0,0.0,0.0,0.0,0.0,0.0,0.0,-0.6804467464990622,-0.4558552979479144,-0.6359079710883869,-0.5450748307319213,-1.9623992140553401,-0.22480186578217143,-0.24889134708717228,1,Sweeper Keeper
250103498,Martin Trnovský,Slovakia,Goalkeeper,GOALKEEPER,75.55178002028235,187.12518685031105,24,52797,Slovakia,ŠK Slovan Bratislava,0.0,0.0,0.0,0.0,0.0,0.0,0.0,0.0,0.0,0.0,0.0,0.0,0.0,0.0,0.0,0,0,0.0,0.0,0.0,0.0,0.0,0.0,0.0,0.0,0.0,0.0,0.0,0.0,0.0,0.0,0.0,0.0,0.0,0.0,0.0,0.0,0.0,0.0,0.0,0.0,0.0,0.0,0.0,0.0,0.0,0.0,0.0,0.0,0.0,0.0,0.0,0.0,-0.6804467464990622,-0.4558552979479144,-0.6359079710883869,-0.5450748307319213,-0.3249156421376175,-0.49038664297851825,-0.24889134708717228,1,Sweeper Keeper
250096761,Josep Martínez,Spain,Goalkeeper,UNKNOWN,75.0421475727214,183.49319252944198,26,50138,Italy,FC Internazionale Milano,0.0,0.0,0.0,0.0,0.0,0.0,0.0,0.0,0.0,0.0,0.0,0.0,0.0,0.0,0.0,0,0,0.0,0.0,0.0,0.0,0.0,0.0,0.0,0.0,0.0,0.0,0.0,0.0,0.0,0.0,0.0,0.0,0.0,0.0,0.0,0.0,0.0,0.0,0.0,0.0,0.0,0.0,0.0,0.0,0.0,0.0,0.0,0.0,0.0,0.0,0.0,0.0,-0.6804467464990622,-0.4558552979479144,-0.6359079710883869,-0.5450748307319213,-1.5716824084877112,-0.6076421154663313,-0.24889134708717228,1,Sweeper Keeper
250086637,Pau López,Spain,Goalkeeper,GOALKEEPER,76.02362019171821,189.0,29,2602798,Spain,Girona FC,0.0,0.0,0.0,0.0,0.0,0.0,0.0,0.0,0.0,0.0,0.0,0.0,0.0,0.0,0.0,0,0,0.0,0.0,0.0,0.0,0.0,0.0,0.0,0.0,0.0,0.0,0.0,0.0,0.0,0.0,0.0,0.0,0.0,0.0,0.0,0.0,0.0,0.0,0.0,0.0,0.0,0.0,0.0,0.0,0.0,0.0,0.0,0.0,0.0,0.0,0.0,0.0,-0.6804467464990622,-0.4558552979479144,-0.6359079710883869,-0.5450748307319213,0.31865770122295617,-0.38182636094540495,-0.24889134708717228,1,Sweeper Keeper
250082738,Marco Sportiello,Italy,Goalkeeper,GOALKEEPER,75.66848991762691,189.73417640661836,32,50058,Italy,AC Milan,0.0,0.0,0.0,0.0,0.0,0.0,0.0,0.0,0.0,0.0,0.0,0.0,0.0,0.0,0.0,0,0,0.0,0.0,0.0,0.0,0.0,0.0,0.0,0.0,0.0,0.0,0.0,0.0,0.0,0.0,0.0,0.0,0.0,0.0,0.0,0.0,0.0,0.0,0.0,0.0,0.0,0.0,0.0,0.0,0.0,0.0,0.0,0.0,0.0,0.0,0.0,0.0,-0.6804467464990622,-0.4558552979479144,-0.6359079710883869,-0.5450748307319213,0.5706808773470529,-0.46353420408331947,-0.24889134708717228,1,Sweeper Keeper
250074072,Dario Marzino,Switzerland,Goalkeeper,GOALKEEPER,80.42795437686354,184.0,28,50031,Switzerland,BSC Young Boys,0.0,0.0,0.0,0.0,0.0,0.0,0.0,0.0,0.0,0.0,0.0,0.0,0.0,0.0,0.0,0,0,0.0,0.0,0.0,0.0,0.0,0.0,0.0,0.0,0.0,0.0,0.0,0.0,0.0,0.0,0.0,0.0,0.0,0.0,0.0,0.0,0.0,0.0,0.0,0.0,0.0,0.0,0.0,0.0,0.0,0.0,0.0,0.0,0.0,0.0,0.0,0.0,-0.6804467464990622,-0.4558552979479144,-0.6359079710883869,-0.5450748307319213,-1.3977089230119706,0.6315162712693206,-0.24889134708717228,1,Sweeper Keeper
250070418,Fabian Bredlow,Germany,Goalkeeper,UNKNOWN,79.81817220752805,191.0,29,50107,Germany,VfB Stuttgart,0.0,0.0,0.0,0.0,0.0,0.0,0.0,0.0,0.0,0.0,0.0,0.0,0.0,0.0,0.0,0,0,0.0,0.0,0.0,0.0,0.0,0.0,0.0,0.0,0.0,0.0,0.0,0.0,0.0,0.0,0.0,0.0,0.0,0.0,0.0,0.0,0.0,0.0,0.0,0.0,0.0,0.0,0.0,0.0,0.0,0.0,0.0,0.0,0.0,0.0,0.0,0.0,-0.6804467464990622,-0.4558552979479144,-0.6359079710883869,-0.5450748307319213,1.0052043509169268,0.4912185003517307,-0.24889134708717228,1,Sweeper Keeper
250069830,Justin Bijlow,Netherlands,Goalkeeper,GOALKEEPER,74.8324163843072,187.0880646030704,26,52749,Netherlands,Feyenoord,0.0,0.0,0.0,0.0,0.0,0.0,0.0,0.0,0.0,0.0,0.0,0.0,0.0,0.0,0.0,0,0,0.0,0.0,0.0,0.0,0.0,0.0,0.0,0.0,0.0,0.0,0.0,0.0,0.0,0.0,0.0,0.0,0.0,0.0,0.0,0.0,0.0,0.0,0.0,0.0,0.0,0.0,0.0,0.0,0.0,0.0,0.0,0.0,0.0,0.0,0.0,0.0,-0.6804467464990622,-0.4558552979479144,-0.6359079710883869,-0.5450748307319213,-0.33765871937371067,-0.6558967540997903,-0.24889134708717228,1,Sweeper Keeper
250067821,Marc-Aurèle Caillard,France,Goalkeeper,UNKNOWN,78.03998554660409,191.0,30,75797,France,LOSC Lille,0.0,0.0,0.0,0.0,0.0,0.0,0.0,0.0,0.0,0.0,0.0,0.0,0.0,0.0,0.0,0,0,0.0,0.0,0.0,0.0,0.0,0.0,0.0,0.0,0.0,0.0,0.0,0.0,0.0,0.0,0.0,0.0,0.0,0.0,0.0,0.0,0.0,0.0,0.0,0.0,0.0,0.0,0.0,0.0,0.0,0.0,0.0,0.0,0.0,0.0,0.0,0.0,-0.6804467464990622,-0.4558552979479144,-0.6359079710883869,-0.5450748307319213,1.0052043509169268,0.0820959688174108,-0.24889134708717228,1,Sweeper Keeper
250066521,Nordin Jackers,Belgium,Goalkeeper,GOALKEEPER,70.16553664702862,185.0,27,50043,Belgium,Club Brugge KV,0.0,0.0,0.0,0.0,0.0,0.0,0.0,0.0,0.0,0.0,0.0,0.0,0.0,0.0,0.0,0,0,0.0,0.0,0.0,0.0,0.0,0.0,0.0,0.0,0.0,0.0,0.0,0.0,0.0,0.0,0.0,0.0,0.0,0.0,0.0,0.0,0.0,0.0,0.0,0.0,0.0,0.0,0.0,0.0,0.0,0.0,0.0,0.0,0.0,0.0,0.0,0.0,-0.6804467464990622,-0.4558552979479144,-0.6359079710883869,-0.5450748307319213,-1.054435598164985,-1.7296454748834271,-0.24889134708717228,1,Sweeper Keeper
250061507,Neto,Brazil,Goalkeeper,GOALKEEPER,83.20629406299356,191.0,35,52280,England,Arsenal FC,0.0,0.0,0.0,0.0,0.0,0.0,0.0,0.0,0.0,0.0,0.0,0.0,0.0,0.0,0.0,0,0,0.0,0.0,0.0,0.0,0.0,0.0,0.0,0.0,0.0,0.0,0.0,0.0,0.0,0.0,0.0,0.0,0.0,0.0,0.0,0.0,0.0,0.0,0.0,0.0,0.0,0.0,0.0,0.0,0.0,0.0,0.0,0.0,0.0,0.0,0.0,0.0,-0.6804467464990622,-0.4558552979479144,-0.6359079710883869,-0.5450748307319213,1.0052043509169268,1.27075251728927,-0.24889134708717228,1,Sweeper Keeper
250058121,Vojtěch Vorel,Czechia,Goalkeeper,UNKNOWN,79.68843015402435,190.0,28,50033,Czechia,AC Sparta Praha,0.0,0.0,0.0,0.0,0.0,0.0,0.0,0.0,0.0,0.0,0.0,0.0,0.0,0.0,0.0,0,0,0.0,0.0,0.0,0.0,0.0,0.0,0.0,0.0,0.0,0.0,0.0,0.0,0.0,0.0,0.0,0.0,0.0,0.0,0.0,0.0,0.0,0.0,0.0,0.0,0.0,0.0,0.0,0.0,0.0,0.0,0.0,0.0,0.0,0.0,0.0,0.0,-0.6804467464990622,-0.4558552979479144,-0.6359079710883869,-0.5450748307319213,0.6619310260699415,0.46136764242868467,-0.24889134708717228,1,Sweeper Keeper
250056735,Ivan Filipović,Croatia,Goalkeeper,UNKNOWN,76.05151424930628,187.95597993289095,29,50164,Croatia,GNK Dinamo,0.0,0.0,0.0,0.0,0.0,0.0,0.0,0.0,0.0,0.0,0.0,0.0,0.0,0.0,0.0,0,0,0.0,0.0,0.0,0.0,0.0,0.0,0.0,0.0,0.0,0.0,0.0,0.0,0.0,0.0,0.0,0.0,0.0,0.0,0.0,0.0,0.0,0.0,0.0,0.0,0.0,0.0,0.0,0.0,0.0,0.0,0.0,0.0,0.0,0.0,0.0,0.0,-0.6804467464990622,-0.4558552979479144,-0.6359079710883869,-0.5450748307319213,-0.039726538420538506,-0.3754085378304425,-0.24889134708717228,1,Sweeper Keeper
250040599,Niklas Lomb,Germany,Goalkeeper,GOALKEEPER,83.67946215255297,188.0,31,50109,Germany,Bayer 04 Leverkusen,0.0,0.0,0.0,0.0,0.0,0.0,0.0,0.0,0.0,0.0,0.0,0.0,0.0,0.0,0.0,0,0,0.0,0.0,0.0,0.0,0.0,0.0,0.0,0.0,0.0,0.0,0.0,0.0,0.0,0.0,0.0,0.0,0.0,0.0,0.0,0.0,0.0,0.0,0.0,0.0,0.0,0.0,0.0,0.0,0.0,0.0,0.0,0.0,0.0,0.0,0.0,0.0,-0.6804467464990622,-0.4558552979479144,-0.6359079710883869,-0.5450748307319213,-0.02461562362402915,1.3796183247412361,-0.24889134708717228,1,Sweeper Keeper
250017814,Raffaele Di Gennaro,Italy,Goalkeeper,GOALKEEPER,77.14899109801925,188.6218184283311,31,50138,Italy,FC Internazionale Milano,0.0,0.0,0.0,0.0,0.0,0.0,0.0,0.0,0.0,0.0,0.0,0.0,0.0,0.0,0.0,0,0,0.0,0.0,0.0,0.0,0.0,0.0,0.0,0.0,0.0,0.0,0.0,0.0,0.0,0.0,0.0,0.0,0.0,0.0,0.0,0.0,0.0,0.0,0.0,0.0,0.0,0.0,0.0,0.0,0.0,0.0,0.0,0.0,0.0,0.0,0.0,0.0,-0.6804467464990622,-0.4558552979479144,-0.6359079710883869,-0.5450748307319213,0.1888380557203131,-0.12290270336846724,-0.24889134708717228,1,Sweeper Keeper
250015753,Francesco Rossi,Italy,Goalkeeper,GOALKEEPER,71.93531764118156,187.2506716481284,33,52816,Italy,Atalanta BC,0.0,0.0,0.0,0.0,0.0,0.0,0.0,0.0,0.0,0.0,0.0,0.0,0.0,0.0,0.0,0,0,0.0,0.0,0.0,0.0,0.0,0.0,0.0,0.0,0.0,0.0,0.0,0.0,0.0,0.0,0.0,0.0,0.0,0.0,0.0,0.0,0.0,0.0,0.0,0.0,0.0,0.0,0.0,0.0,0.0,0.0,0.0,0.0,0.0,0.0,0.0,0.0,-0.6804467464990622,-0.4558552979479144,-0.6359079710883869,-0.5450748307319213,-0.2818400583731089,-1.3224569066073903,-0.24889134708717228,1,Sweeper Keeper
250011071,Scott Bain,Scotland,Goalkeeper,GOALKEEPER,79.00088997206656,184.30019488598973,32,50050,Scotland,Celtic FC,0.0,0.0,0.0,0.0,0.0,0.0,0.0,0.0,0.0,0.0,0.0,0.0,0.0,0.0,0.0,0,0,0.0,0.0,0.0,0.0,0.0,0.0,0.0,0.0,0.0,0.0,0.0,0.0,0.0,0.0,0.0,0.0,0.0,0.0,0.0,0.0,0.0,0.0,0.0,0.0,0.0,0.0,0.0,0.0,0.0,0.0,0.0,0.0,0.0,0.0,0.0,0.0,-0.6804467464990622,-0.4558552979479144,-0.6359079710883869,-0.5450748307319213,-1.2946600263962158,0.30317942408496135,-0.24889134708717228,1,Sweeper Keeper
250000104,Carlo Pinsoglio,Italy,Goalkeeper,UNKNOWN,75.06950173060578,188.04371172720246,34,50139,Italy,Juventus,0.0,0.0,0.0,0.0,0.0,0.0,0.0,0.0,0.0,0.0,0.0,0.0,0.0,0.0,0.0,0,0,0.0,0.0,0.0,0.0,0.0,0.0,0.0,0.0,0.0,0.0,0.0,0.0,0.0,0.0,0.0,0.0,0.0,0.0,0.0,0.0,0.0,0.0,0.0,0.0,0.0,0.0,0.0,0.0,0.0,0.0,0.0,0.0,0.0,0.0,0.0,0.0,-0.6804467464990622,-0.4558552979479144,-0.6359079710883869,-0.5450748307319213,-0.009610553692435048,-0.6013485116689493,-0.24889134708717228,1,Sweeper Keeper
108501,Wojciech Szczęsny,Poland,Goalkeeper,GOALKEEPER,82.2023584625919,196.0,34,50080,Spain,FC Barcelona,0.0,0.0,0.0,0.0,0.0,0.0,0.0,0.0,0.0,0.0,0.0,0.0,0.0,0.0,0.0,0,0,0.0,0.0,0.0,0.0,0.0,0.0,0.0,0.0,0.0,0.0,0.0,0.0,0.0,0.0,0.0,0.0,0.0,0.0,0.0,0.0,0.0,0.0,0.0,0.0,0.0,0.0,0.0,0.0,0.0,0.0,0.0,0.0,0.0,0.0,0.0,0.0,-0.6804467464990622,-0.4558552979479144,-0.6359079710883869,-0.5450748307319213,2.7215709751518538,1.0397685135512518,-0.24889134708717228,1,Sweeper Keeper
101585,Vito Mannone,Italy,Goalkeeper,UNKNOWN,83.9765392686998,192.0,36,75797,France,LOSC Lille,0.0,0.0,0.0,0.0,0.0,0.0,0.0,0.0,0.0,0.0,0.0,0.0,0.0,0.0,0.0,0,0,0.0,0.0,0.0,0.0,0.0,0.0,0.0,0.0,0.0,0.0,0.0,0.0,0.0,0.0,0.0,0.0,0.0,0.0,0.0,0.0,0.0,0.0,0.0,0.0,0.0,0.0,0.0,0.0,0.0,0.0,0.0,0.0,0.0,0.0,0.0,0.0,-0.6804467464990622,-0.4558552979479144,-0.6359079710883869,-0.5450748307319213,1.3484776757639123,1.4479693839915342,-0.24889134708717228,1,Sweeper Keeper
